ID,ANTIGUED,GRUPO_EDAD,GENER,ESTADO_CIVIL,REGION,CALIDAD_PRODUC,CALIF_VOZ,SEÑAL_VOZ,ESTABIL_LLAMADA,USO_SERV_CLIENTE,DATA_USUR,TECHNOLOGY,BAND_7,MAX_NETWORK_VOICE,CALLS_DROP_S,CALLS_FAILURE_S,CALLS_OUT_MONTH_P,CALLS_IN_MONTH_P,CALLS_OUT_TOT_P,CALLS_IN_TOT_P,NO_ANSWER_CALLS_P,MONTH_VOICE_OUT_C,DURATION_ALL_IN_A,DURATION_ALL_OUT_A,DURATION_ALL_INOUT_C,SETUP_TIME_AVG_A,SETUP_FAILURE_PERC_A,DROPPED_CALLS_PERC_A,MO_MOS_AVG_A,RECHARGES_MONTH_A,NR_RECHARGES_MONTH_A,TIPO_M1,PAQ_DATOS_M1,PAQ_990_M1,PAQ_MIN_M1,PAQ_BUND_M1,CONSUMO_GRANEL_M1,CONSUMOS_VOZ_M1,VLR_CARGAS_M1,CANT_CARGAS_M1,PYP_M1,PROMO_RECARGA_M1,DIA_SORPRESA_M1,MAX_RECH,TARGET
SUB1,Más de 2 años,De 36 a 45 años,MasculiNO,UNIÓN LIBRE,Costa,8,8,8,8,SI,SI,2G,NO,Network 3G,4,5,297.5,127,0.701202593,0.298797407,0.054252639,1,89.55392636,27.48645511,-1,2.082459951,1.141640867,1.22871517,365.3558824,15000,7.5,FACIL,1,1,0,0,1,1,37000,17,0,0,0,PAQ_MIN,0
SUB2,Más de 2 años,De 56 a 65 años,MasculiNO,SOLTERO (A),Suroccidente,10,10,10,6,NO,NO,2G,NO,Network 2G,0,0,4.5,18.5,0.161111111,0.838888889,0.105555556,1,40.58134921,7.6875,1,1.5,0,0,298.25,0,0,FACIL,0,0,0,0,0,0,0,0,0,0,0,PAQ_DATOS,0
SUB3,Más de 2 años,De 46 a 55 años,FemeniNO,UNIÓN LIBRE,Centro,8,8,7,8,NO,NO,3G,NO,Network 3G,5,4,292,162.5,0.642247893,0.357752107,0.020887823,1,41.13237522,77.65039404,-1,1.831511043,1.371809779,1.82810096,362.7094595,15000,1.5,AMIGO,0,0,0,0,0,1,30000,3,1,0,0,CONSUMOS_VOZ,1
SUB4,Más de 2 años,De 26 a 35 años,FemeniNO,DIVORCIADO (A),Centro,5,8,5,9,NO,SI,3G,NO,Network 3G,0,13,108,166.5,0.384714382,0.615285618,0.317507093,-1,56.18739837,7.63891097,1,1.340277778,0.337837838,0,326.6333333,2000,1.5,FACIL,0,1,0,0,0,0,3000,2,0,0,0,PAQ_990,0
SUB5,Más de 2 años,De 36 a 45 años,FemeniNO,UNIÓN LIBRE,Centro,8,9,9,9,NO,NO,LTE,SI,Network 3G,4,6,155.5,211,0.42501303,0.57498697,0.043660189,1,68.61552922,29.62907829,1,2.516663728,4.910980492,0.662322174,358.1067194,14500,5,AMIGO,0,1,0,0,0,1,20000,9,0,0,0,PAQ_990,0
SUB6,Más de 2 años,De 26 a 35 años,FemeniNO,SOLTERO (A),Suroccidente,8,5,3,6,SI,SI,2G,NO,Network 2G,1,2,205.5,147.5,0.576936959,0.423063041,0.029764981,-1,71.71019108,16.62476499,-1,3.840704341,3.436077578,0.60483871,276.4296311,23000,11,AMIGO,0,0,0,0,0,1,23000,12,0,0,0,CONSUMOS_VOZ,1
SUB7,Más de 2 años,De 26 a 35 años,MasculiNO,SOLTERO (A),Costa,8,10,10,10,SI,SI,3G,NO,Network 3G,1,2,57,49.5,0.46150748,0.53849252,0.01858458,-1,85.5742019,42.69072165,1,3.403932584,20.22437841,3.972104306,343.8938953,24500,8,AMIGO,0,1,0,0,1,1,7000,3,0,0,0,PAQ_990,0
SUB8,Más de 2 años,Más de 66,MasculiNO,CASADO (A),Centro,5,5,5,5,NO,NO,3G,NO,Network 3G,0,0,19.5,29,0.399204244,0.600795756,0.012820513,-1,119.4166667,74.2625,-1,1.616666667,0,3.333333333,396.8333333,10000,1,AMIGO,0,1,0,0,0,1,0,0,0,0,0,CONSUMOS_VOZ,1
SUB9,Más de 2 años,De 56 a 65 años,MasculiNO,CASADO (A),Noroccidente,6,9,9,6,NO,NO,3G,NO,Network 3G,0,5,92.5,77.5,0.548128342,0.451871658,0.037730244,1,87.21048999,38.80321637,1,4.221590909,1.081871345,7.660818713,265.0625,15000,3,AMIGO,0,1,0,0,1,1,15000,3,0,0,0,CONSUMOS_VOZ,0
SUB10,Más de 2 años,De 36 a 45 años,MasculiNO,CASADO (A),Centro,9,8,7,8,SI,SI,LTE,SI,Network 3G,1,2,99.5,108.5,0.474767072,0.525232928,0.012256326,1,88.20308516,26.22816344,-1,3.169318182,2.136752137,3.111319575,365.5785714,7500,1.5,FACIL,0,0,0,0,1,1,22000,2,0,0,0,CONSUMO_GRANEL,0
SUB11,Más de 2 años,De 18 a 25 años,FemeniNO,SOLTERO (A),Noroccidente,7,4,2,2,NO,SI,3G,NO,Network 3G,7,4,436,237,0.647557022,0.352442978,0.030408032,-1,83.79209518,12.40889925,1,2.5784815,2.657654097,1.998313437,367.0143416,34500,13,AMIGO,0,1,0,0,1,1,34000,16,0,0,0,PAQ_990,1
SUB12,Más de 2 años,De 18 a 25 años,MasculiNO,SOLTERO (A),Noroccidente,9,9,7,9,SI,NO,3G,NO,Network 3G,0,0,2,2,0.285714286,0.714285714,0,1,26.16666667,31,1,4.5,0,0,250,500,0.5,AMIGO,0,0,0,0,0,1,1000,1,0,1,0,CONSUMOS_VOZ,0
SUB13,Más de 2 años,De 26 a 35 años,FemeniNO,CASADO (A),Noroccidente,10,10,10,10,SI,SI,3G,NO,Network 3G,13,15,462,428.5,0.519661664,0.480338336,0.05810224,1,100.2853566,64.93969949,1,2.102502048,2.38482205,0.437825467,335.6769006,16000,12,FACIL,1,0,1,0,1,1,14000,13,0,0,0,CONSUMO_GRANEL,0
SUB14,Más de 2 años,De 26 a 35 años,FemeniNO,UNIÓN LIBRE,Centro,1,2,2,5,NO,NO,LTE,SI,Network 3G,0,2,52.5,183,0.225334678,0.774665322,0.020273244,-1,85.41363706,9.346363636,-1,1.517507003,2.909090909,3,328.9722222,10500,5.5,AMIGO,1,1,0,0,1,1,9000,5,0,0,0,PAQ_DATOS,1
SUB15,Más de 2 años,De 18 a 25 años,FemeniNO,CASADO (A),Noroccidente,6,10,10,10,SI,SI,LTE,NO,Network 3G,17,15,281.5,171.5,0.65105894,0.34894106,0.019725242,1,142.1860136,44.45459008,1,2.928871131,18.10467933,2.044498279,345.3353535,42500,2.5,FACIL,0,0,0,0,0,1,31000,1,0,1,0,CONSUMOS_VOZ,1
SUB16,Más de 2 años,De 36 a 45 años,MasculiNO,SOLTERO (A),Noroccidente,9,8,6,7,NO,NO,2G,NO,Network 2G,1,0,114,171.5,0.39876741,0.60123259,0.028589917,1,63.59803219,11.06296526,-1,1.552466407,0,0,291.3035714,7000,5.5,AMIGO,0,0,0,0,0,1,7000,7,0,0,0,CONSUMOS_VOZ,0
SUB17,Más de 2 años,De 46 a 55 años,MasculiNO,DIVORCIADO (A),Noroccidente,5,10,10,10,SI,SI,LTE,SI,Network 3G,3,1,229.5,154.5,0.594537544,0.405462456,0.054046705,-1,76.01792525,25.91364521,1,2.797081545,2.420735266,2.181482202,365.0693878,29500,7.5,AMIGO,0,1,0,0,1,1,22000,3,0,0,0,PAQ_990,0
SUB18,Más de 2 años,De 18 a 25 años,MasculiNO,UNIÓN LIBRE,Centro,8,7,8,8,SI,SI,3G,NO,Network 3G,4,6,186,461.5,0.281804787,0.718195213,0.025596437,1,34.53539951,17.16342817,-1,1.805346351,3.53573907,1.217904233,354.1794671,19000,6.5,FACIL,1,1,1,0,0,1,33000,9,0,0,0,PAQ_DATOS,1
SUB19,Más de 2 años,De 26 a 35 años,FemeniNO,CASADO (A),Suroccidente,4,9,7,6,NO,NO,3G,NO,Network 3G,1,1,102.5,25.5,0.735015399,0.264984601,0.156440022,1,67.61342593,21.48598485,1,6.215468037,1.515151515,1.553030303,341,5000,2.5,FACIL,0,0,0,0,0,1,2000,1,0,0,0,CONSUMOS_VOZ,1
SUB20,Entre 2 meses y 6 meses,De 26 a 35 años,MasculiNO,CASADO (A),Costa,8,7,9,9,NO,SI,LTE,SI,Network 3G,1,1,120.5,205.5,0.368187937,0.631812063,0.024419404,-1,75.15111869,19.9325431,1,2.945726496,1.724137931,0.344827586,352.3017903,38000,19,FACIL,0,1,0,0,1,1,44000,19,0,0,0,PAQ_990,0
SUB21,Más de 2 años,De 36 a 45 años,MasculiNO,CASADO (A),Suroccidente,7,8,10,10,NO,NO,3G,NO,Network 3G,0,0,45,158,0.225264951,0.774735049,0.015258187,-1,57.69832916,10.0298656,1,2.041666667,3.459432554,0,343.2461538,7500,3.5,AMIGO,0,1,0,0,1,1,8000,4,0,0,0,PAQ_990,0
SUB22,Más de 2 años,De 18 a 25 años,MasculiNO,CASADO (A),Centro,10,10,10,10,NO,SI,3G,NO,Network 3G,1,0,121,51,0.727585383,0.272414617,0.03663721,1,45.38095238,44.10768952,-1,2.031873614,5.230504483,1.38121547,308.4230769,18000,3,AMIGO,0,1,0,0,1,1,13000,3,0,0,0,CONSUMO_GRANEL,0
SUB23,Más de 2 años,De 36 a 45 años,MasculiNO,CASADO (A),Costa,10,10,10,10,SI,SI,3G,NO,Network 2G,2,8,115.5,103.5,0.52764804,0.47235196,0.027397832,1,44.74090565,69.86826166,1,2.040221088,0.393700787,2.930042399,334.1763636,7000,6,AMIGO,0,0,1,0,0,1,10000,8,0,1,0,PAQ_MIN,0
SUB24,Más de 2 años,De 18 a 25 años,FemeniNO,SOLTERO (A),Oriente,9,5,7,10,SI,NO,3G,NO,Network 3G,9,1,264.5,105.5,0.717439537,0.282560463,0.035359546,1,57.28258637,25.75808251,1,4.580553289,0.378376059,1.891880293,301.7874707,11000,6.5,FACIL,1,0,0,0,1,1,19000,11,0,0,0,CONSUMO_GRANEL,0
SUB25,Más de 2 años,De 18 a 25 años,FemeniNO,SOLTERO (A),Noroccidente,7,9,9,10,NO,SI,3G,NO,Network 3G,2,1,127.5,209.5,0.383028094,0.616971906,0.031605619,1,82.56477043,50.00363211,-1,2.852237105,1.973036198,1.929943364,317.8333333,19500,9.5,AMIGO,1,1,0,0,1,1,19000,13,0,0,0,PAQ_DATOS,1
SUB26,Más de 2 años,De 18 a 25 años,FemeniNO,UNIÓN LIBRE,Centro,4,6,2,2,NO,SI,3G,NO,Network 3G,1,0,49,107,0.29496858,0.70503142,0.022500105,-1,54.57783019,14.89826087,1,3.596917808,0,3.333333333,369.0333333,25000,6,FACIL,1,0,0,0,1,1,23000,5,0,0,0,PAQ_DATOS,1
SUB27,Más de 2 años,De 46 a 55 años,FemeniNO,UNIÓN LIBRE,Noroccidente,8,6,4,4,NO,NO,2G,NO,Network 2G,0,0,38.5,23,0.446592398,0.553407602,0.081585845,-1,113.4428571,33.38963964,1,2.537878788,0,0.675675676,339.1034483,3000,1.5,AMIGO,0,0,0,0,0,1,2000,1,0,1,0,CONSUMOS_VOZ,1
SUB28,Más de 2 años,De 26 a 35 años,FemeniNO,UNIÓN LIBRE,Suroccidente,10,10,10,10,NO,NO,3G,NO,Network 3G,0,0,13.5,179.5,0.071165678,0.928834322,0.034195781,1,201.8242486,8.392857143,-1,2,26.0989011,0,303.9090909,500,0.5,FACIL,0,0,0,0,0,0,0,0,0,0,0,CONSUMOS_VOZ,0
SUB29,Más de 2 años,De 56 a 65 años,FemeniNO,CASADO (A),Centro,7,7,8,8,SI,NO,3G,NO,Network 3G,4,6,157,85,0.646402503,0.353597497,0.049913104,-1,75.2559922,17.72960373,1,1.885905874,0.549450549,0.378787879,344.2962963,3000,2.5,AMIGO,0,0,0,0,0,1,1000,1,0,0,0,CONSUMOS_VOZ,1
SUB30,Más de 2 años,De 26 a 35 años,MasculiNO,CASADO (A),Centro,8,9,7,7,NO,SI,3G,NO,Network 3G,3,9,287,228.5,0.552484166,0.447515834,0.065811431,-1,66.51646804,47.28408394,-1,1.818333662,1.523119108,1.288985714,334.9039329,26500,14,AMIGO,0,1,1,0,1,1,24000,14,0,0,0,PAQ_990,0
SUB31,Más de 2 años,De 46 a 55 años,FemeniNO,SOLTERO (A),Centro,9,9,9,9,NO,NO,2G,NO,Network 2G,0,1,90,222,0.288461538,0.711538462,0.065705128,1,133.8336077,5.931537598,-1,1.480624214,0,1.627384961,328.75,2000,1.5,AMIGO,0,0,0,0,0,1,2000,2,0,0,0,CONSUMOS_VOZ,0
SUB32,Más de 2 años,De 46 a 55 años,MasculiNO,UNIÓN LIBRE,Costa,7,3,4,8,NO,SI,2G,NO,Network 2G,11,15,615.5,851.5,0.421579782,0.578420218,0.041027423,1,38.37869848,28.1260988,-1,3.07007874,1.519580146,0.432050808,308.6966279,85500,17,FACIL,0,0,1,0,1,1,85000,19,0,0,1,PAQ_MIN,0
SUB33,Más de 2 años,De 56 a 65 años,FemeniNO,CASADO (A),Centro,7,4,8,2,NO,NO,2G,NO,Network 2G,0,0,13,13,0.351351351,0.648648649,0.040540541,1,82.4969697,26.42307692,-1,1.608695652,0,7.692307692,278.5,2000,1.5,AMIGO,0,0,0,0,0,1,0,0,0,0,0,CONSUMOS_VOZ,1
SUB34,Más de 2 años,De 18 a 25 años,FemeniNO,UNIÓN LIBRE,Costa,9,9,10,9,SI,NO,3G,NO,Network 3G,1,1,42.5,65,0.365391897,0.634608103,0.050265051,-1,75.73914093,10.29038462,1,3.107142857,0,1.538461538,363.5714286,8500,2,FACIL,1,1,0,0,1,1,4000,2,0,0,0,PAQ_DATOS,0
SUB35,Más de 2 años,De 26 a 35 años,MasculiNO,SOLTERO (A),Costa,1,10,1,10,SI,SI,3G,NO,Network 3G,4,8,966.5,313.5,0.755787504,0.244212496,0.010056934,1,26.63700877,96.21454029,1,2.426753115,0.834928568,0.988617092,322.7914226,18500,17,FACIL,1,0,0,0,1,1,11000,10,0,0,0,CONSUMO_GRANEL,1
SUB36,Más de 2 años,De 26 a 35 años,FemeniNO,SOLTERO (A),Suroccidente,8,10,6,9,SI,SI,LTE,SI,Network 3G,0,3,81,191,0.297048149,0.702951851,0.006969074,1,138.4124843,45.41020025,1,3.584375,3.26971214,1.267209011,371.4216216,23875,10,AMIGO,1,0,0,1,1,1,28000,9,0,0,0,PAQ_DATOS,0
SUB37,Más de 2 años,De 26 a 35 años,FemeniNO,VIUDO (A),Costa,4,3,2,2,NO,SI,3G,NO,Network 3G,0,0,10.5,0.5,0.95,0.05,0.091666667,1,0,5.069444444,-1,2.619318182,0,0,326,10000,7.5,FACIL,1,1,0,0,0,1,8000,7,0,0,0,PAQ_DATOS,1
SUB38,Más de 2 años,De 18 a 25 años,MasculiNO,SOLTERO (A),Centro,8,8,9,9,NO,SI,3G,NO,Network 3G,4,1,72,20.5,0.772210471,0.227789529,0.028622422,-1,95.77307692,138.7380213,1,1.713478819,3.194321207,2.107364685,364.0517857,200000,6,AMIGO,1,0,0,0,0,0,81000,4,0,0,0,PAQ_DATOS,1
SUB39,Más de 2 años,De 46 a 55 años,FemeniNO,UNIÓN LIBRE,Oriente,8,10,10,10,NO,NO,3G,NO,Network 3G,2,2,112,232,0.323277467,0.676722533,0.063441679,-1,61.50990246,16.51737968,1,2.198289053,5.581550802,0,321.6666667,14500,6.5,FACIL,0,0,0,0,1,1,14000,6,0,0,0,CONSUMO_GRANEL,0
SUB40,Más de 2 años,De 46 a 55 años,MasculiNO,CASADO (A),Centro,8,9,7,8,NO,SI,LTE,SI,Network 2G,0,0,8.5,35.5,0.201923077,0.798076923,0.106837607,1,74.55260943,13.51388889,1,1.142857143,0,0,164,0,0,AMIGO,0,0,0,0,0,0,0,0,0,0,0,CONSUMOS_VOZ,0
SUB41,Más de 2 años,De 56 a 65 años,MasculiNO,CASADO (A),Centro,7,7,2,4,SI,NO,2G,NO,Network 2G,3,3,304,185.5,0.622565541,0.377434459,0.027496919,1,55.93896568,48.6893594,-1,3.251429879,3.204635295,4.260572914,318.0892857,30500,6,AMIGO,0,0,0,0,0,1,20000,3,0,0,0,CONSUMOS_VOZ,1
SUB42,Entre 1 y 2 años,De 26 a 35 años,FemeniNO,UNIÓN LIBRE,Centro,5,7,8,8,NO,NO,LTE,SI,Network 3G,1,3,128,101,0.560493579,0.439506421,0.009189406,1,74.88405195,47.48831044,1,1.580677428,2.130309805,0.64516129,345.3892157,17500,3.5,FACIL,0,1,0,0,0,1,2000,1,0,1,0,PAQ_990,1
SUB43,Más de 2 años,De 18 a 25 años,MasculiNO,SOLTERO (A),Centro,1,7,1,10,SI,SI,3G,NO,Network 3G,1,1,50.5,154,0.244838616,0.755161384,0.048984685,1,50.25416667,22.34166667,1,2.122130102,1.666666667,2.5,357.8571429,3000,1.5,AMIGO,0,0,0,0,0,1,0,0,0,0,0,CONSUMOS_VOZ,1
SUB44,Más de 2 años,De 26 a 35 años,FemeniNO,UNIÓN LIBRE,Costa,9,9,9,9,SI,NO,2G,NO,Network 2G,0,0,109,74,0.603105347,0.396894653,0.04047182,-1,65.72956731,45.1918531,-1,2.635384615,0,1.840439004,333.4263158,7000,3.5,FACIL,0,0,0,0,0,1,2000,1,0,0,0,CONSUMOS_VOZ,0
SUB45,Más de 2 años,De 36 a 45 años,FemeniNO,CASADO (A),Centro,6,5,4,3,NO,SI,3G,NO,Network 3G,1,11,271,230,0.540179144,0.459820856,0.026723337,-1,67.3214042,4.801513404,-1,3.667692658,7.102834542,0.168918919,374.4166667,10500,4,AMIGO,1,0,0,0,1,1,15000,4,0,0,0,PAQ_990,1
SUB46,Más de 2 años,De 36 a 45 años,FemeniNO,CASADO (A),Centro,4,5,5,5,NO,NO,3G,NO,Network 2G,0,0,81.5,74.5,0.416716467,0.583283533,0.116287282,-1,74.76836471,19.38435374,1,2.481751825,1.020408163,0.680272109,290.65,6500,2,FACIL,0,0,0,0,0,0,0,0,0,0,0,CONSUMOS_VOZ,0
SUB47,Más de 2 años,De 36 a 45 años,FemeniNO,UNIÓN LIBRE,Centro,8,8,5,8,NO,NO,3G,NO,Network 3G,0,0,47,38,0.556491228,0.443508772,0.005263158,1,71.97455197,69.03818182,-1,1.796421663,2,0,364.6928571,9500,4.5,FACIL,0,0,0,0,0,1,8000,4,0,0,0,CONSUMOS_VOZ,0
SUB48,Más de 2 años,De 36 a 45 años,MasculiNO,UNIÓN LIBRE,Suroccidente,9,9,10,9,SI,SI,LTE,SI,Network 3G,0,2,24.5,42,0.366915423,0.633084577,0.08299412,-1,49.33416928,125.5227273,1,3.03030303,2.631578947,0,305.4444444,10000,1.5,AMIGO,0,0,0,0,1,1,5000,1,0,0,0,CONSUMOS_VOZ,0
SUB49,Más de 2 años,De 36 a 45 años,MasculiNO,SOLTERO (A),Suroccidente,8,10,7,10,NO,SI,3G,NO,Network 3G,1,7,126.5,133.5,0.491956041,0.508043959,0.02945675,1,59.53348704,19.03672912,1,2.934086629,1.701795472,1.260733802,346.9469697,24500,3.5,AMIGO,0,1,0,0,1,0,35000,5,1,0,0,PAQ_990,0
SUB50,Más de 2 años,De 18 a 25 años,MasculiNO,SOLTERO (A),Oriente,8,10,8,7,NO,SI,LTE,SI,Network 3G,2,3,113,77,0.614759697,0.385240303,0.037708041,1,56.51078431,33.8978022,1,4.787575758,5.088389871,0,362.8117816,8000,3.5,FACIL,1,1,0,0,1,1,23000,9,0,0,0,PAQ_990,0
SUB51,Más de 2 años,De 36 a 45 años,FemeniNO,CASADO (A),Suroriente,5,6,5,6,NO,NO,3G,NO,Network 3G,1,4,290,283,0.505996995,0.494003005,0.014054448,1,83.79951645,98.60304143,1,2.373958556,2.728167459,0.381679389,359.0758674,29500,13,AMIGO,1,1,0,0,1,1,36000,14,0,0,0,PAQ_990,1
SUB52,Más de 2 años,De 46 a 55 años,MasculiNO,UNIÓN LIBRE,Centro,5,8,7,2,NO,NO,3G,NO,Network 3G,3,8,524.5,395.5,0.571592842,0.428407158,0.045010049,1,44.5101209,32.93498713,1,1.651375465,0.666215497,0.472249342,364.2359184,69000,17.5,AMIGO,0,0,0,0,0,1,53000,20,0,0,0,CONSUMOS_VOZ,1
SUB53,Más de 2 años,De 46 a 55 años,FemeniNO,UNIÓN LIBRE,Centro,6,5,9,9,SI,NO,2G,NO,Network 2G,6,5,435,222,0.662342395,0.337657605,0.039766475,-1,95.23967213,38.42680569,-1,2.34644682,2.044402788,1.596806919,376.125,30500,13.5,FACIL,0,0,0,0,0,1,28000,12,0,0,0,CONSUMO_GRANEL,1
SUB54,Más de 2 años,De 26 a 35 años,FemeniNO,UNIÓN LIBRE,Centro,7,8,5,7,NO,NO,3G,NO,Network 2G,2,1,19,92,0.163501742,0.836498258,0.140592334,-1,55.81877103,8.671717172,-1,1.333333333,0,0,264.5,0,0,AMIGO,0,0,0,0,0,1,1000,1,0,1,0,PAQ_DATOS,0
SUB55,Más de 2 años,De 36 a 45 años,FemeniNO,SOLTERO (A),Costa,9,10,10,10,SI,SI,3G,NO,Network 3G,1,8,547.5,285.5,0.681348282,0.318651718,0.037691409,-1,120.2872276,40.96594618,1,2.796074307,2.778880642,0.586630149,351.1113966,46500,30,FACIL,1,0,1,0,1,1,29000,13,0,0,0,PAQ_DATOS,0
SUB56,Más de 2 años,De 36 a 45 años,FemeniNO,UNIÓN LIBRE,Centro,9,10,10,7,SI,NO,2G,NO,Network 3G,2,11,425,271.5,0.608451373,0.391548627,0.013691926,1,108.3425446,39.24489956,1,2.764527758,1.535176217,0.952829343,363,34500,7.5,FACIL,1,1,0,0,1,1,64000,17,0,0,0,PAQ_DATOS,0
SUB57,Más de 2 años,De 46 a 55 años,MasculiNO,CASADO (A),Costa,8,6,10,9,NO,NO,3G,NO,Network 2G,1,16,259.5,150,0.628868234,0.371131766,0.02736468,-1,67.51068376,32.00480814,-1,3.289588594,2.304669441,1.447064263,325.004715,38000,5,AMIGO,1,1,1,1,1,1,60000,9,1,1,0,PAQ_DATOS,0
SUB58,Más de 2 años,De 18 a 25 años,FemeniNO,SOLTERO (A),Oriente,8,7,7,8,SI,SI,3G,NO,Network 3G,5,0,80.5,106,0.379647861,0.620352139,0.040571753,-1,75.12815445,19.7017094,1,2.624015748,1.111111111,1.851851852,362.75,15500,12.5,FACIL,1,0,0,0,1,1,8000,5,0,0,0,PAQ_DATOS,1
SUB59,Más de 2 años,De 46 a 55 años,FemeniNO,SOLTERO (A),Suroccidente,7,5,8,6,NO,NO,2G,NO,Network 2G,1,1,280,141.5,0.656889242,0.343110758,0.023529412,-1,92.00841674,37.65788753,1,2.049576124,3.47401842,0.949761191,311.6282051,56500,26,AMIGO,0,0,0,0,0,1,19000,9,0,0,0,CONSUMOS_VOZ,1
SUB60,Más de 2 años,De 46 a 55 años,FemeniNO,CASADO (A),Centro,7,8,6,6,NO,NO,2G,NO,Network 2G,1,3,93.5,61,0.602881894,0.397118106,0.057616434,1,37.9703159,18.49935065,1,2.071365832,0.649350649,2.207792208,318.25,8000,2.5,AMIGO,0,0,0,0,0,1,7000,2,0,0,0,CONSUMOS_VOZ,0
SUB61,Más de 2 años,De 56 a 65 años,MasculiNO,UNIÓN LIBRE,Costa,9,10,10,9,SI,SI,LTE,SI,Network 3G,6,5,22.5,58.5,0.199346405,0.800653595,0.045751634,-1,99.27809633,10.875,-1,1.516666667,1.136363636,3.409090909,261.6,500,0.5,AMIGO,0,0,0,1,0,1,36000,6,0,0,0,CONSUMOS_VOZ,0
SUB62,Más de 2 años,De 36 a 45 años,FemeniNO,CASADO (A),Costa,8,8,9,8,NO,NO,2G,NO,Network 2G,7,16,482.5,151,0.759835893,0.240164107,0.028052458,-1,52.99069196,32.58017598,1,5.754541141,0.606716003,1.235364116,280.2525063,8500,8.5,FACIL,0,0,0,0,0,1,9000,9,0,0,0,CONSUMOS_VOZ,0
SUB63,Más de 2 años,De 18 a 25 años,FemeniNO,UNIÓN LIBRE,Suroccidente,8,8,8,9,SI,SI,3G,NO,Network 3G,0,0,71.5,78,0.483596874,0.516403126,0.086559433,-1,96.79701441,4.66382687,-1,1.883559578,2.027027027,0,360.43125,5000,5,AMIGO,0,0,0,0,1,1,2000,2,0,0,0,CONSUMO_GRANEL,0
SUB64,Más de 2 años,De 26 a 35 años,MasculiNO,UNIÓN LIBRE,Costa,8,10,10,8,SI,SI,LTE,SI,Network 3G,0,1,310.5,108,0.744237347,0.255762653,0.034564323,-1,49.69072441,43.10274403,-1,2.405428025,2.078969418,0.943653121,367.0015024,41500,13.5,FACIL,1,0,0,0,1,1,20000,7,0,0,0,PAQ_DATOS,0
SUB65,Más de 2 años,De 18 a 25 años,MasculiNO,SOLTERO (A),Noroccidente,10,9,8,9,SI,SI,3G,NO,Network 3G,3,21,616.5,636,0.493974175,0.506025825,0.034136777,-1,144.4375511,7.768255631,1,3.069483294,1.783946252,2.105048417,346.5,32000,14,FACIL,1,1,0,0,1,1,33000,14,0,0,0,PAQ_DATOS,0
SUB66,Más de 2 años,De 46 a 55 años,MasculiNO,NO RESPONDE,Suroccidente,5,7,7,7,SI,SI,3G,NO,Network 3G,3,9,222,239,0.476655757,0.523344243,0.030121294,1,64.63525053,17.19214559,-1,3.009803922,1.315453384,0.925925926,357.2052145,23000,3.5,FACIL,0,0,0,0,1,1,22000,3,0,0,0,CONSUMO_GRANEL,1
SUB67,Entre 2 meses y 6 meses,De 18 a 25 años,FemeniNO,SOLTERO (A),Noroccidente,6,7,5,7,SI,SI,LTE,SI,Network 3G,0,7,69,77.5,0.463476874,0.536523126,0.039154705,1,63.77876434,60.79166667,-1,2.669753086,6.25,1.041666667,367.3133903,25000,4,FACIL,0,1,0,1,1,1,25000,4,0,0,0,PAQ_990,1
SUB68,Más de 2 años,De 36 a 45 años,FemeniNO,SOLTERO (A),Noroccidente,10,10,5,5,NO,SI,3G,NO,Network 3G,1,7,69,84.5,0.450488323,0.549511677,0.124883227,-1,127.0218591,15.13851351,1,4.244680851,6.714527027,2.238175676,271.9125,7500,5,AMIGO,0,0,0,0,0,1,4000,2,0,0,0,CONSUMO_GRANEL,0
SUB69,Más de 2 años,De 26 a 35 años,FemeniNO,SOLTERO (A),Centro,7,10,10,10,SI,NO,LTE,SI,Network 3G,6,4,198.5,206,0.490245502,0.509754498,0.064955022,1,49.67303762,31.2672853,1,1.778359511,3.294603868,1.547878977,362.4880952,17000,15.5,FACIL,1,1,0,0,1,1,21000,17,0,0,0,PAQ_DATOS,0
SUB70,Más de 2 años,De 46 a 55 años,FemeniNO,SOLTERO (A),Centro,2,1,5,5,SI,NO,3G,NO,Network 2G,8,6,142.5,146,0.489204531,0.510795469,0.019353759,1,76.33689024,40.71896104,1,2.26183432,1.194805195,3.415584416,303.5606759,14500,6,AMIGO,0,1,0,0,0,1,15000,5,0,0,0,CONSUMOS_VOZ,1
SUB71,Más de 2 años,De 36 a 45 años,FemeniNO,NO RESPONDE,Suroccidente,8,2,2,6,NO,NO,LTE,SI,Network 3G,5,16,495,118.5,0.805092997,0.194907003,0.023753682,1,44.27300879,64.97595411,-1,5.562651422,2.001860042,0.724659027,354.7882576,18000,7.5,AMIGO,0,0,1,0,0,1,27000,9,0,0,0,PAQ_990,1
SUB72,Más de 2 años,De 26 a 35 años,MasculiNO,UNIÓN LIBRE,Costa,7,10,9,10,SI,SI,3G,NO,Network 3G,0,18,64,55.5,0.489866909,0.510133091,0.097738959,1,128.4061278,37.76428571,-1,1.963036566,9.5,1,349.4482759,4500,3.5,AMIGO,0,0,0,0,1,1,9000,6,0,0,0,CONSUMOS_VOZ,1
SUB73,Más de 2 años,De 36 a 45 años,MasculiNO,CASADO (A),Centro,3,8,8,9,NO,NO,3G,NO,Network 3G,1,0,56,151.5,0.264539808,0.735460192,0.008152174,-1,138.4226284,36.91527778,-1,1.881193694,0,2.083333333,353.5563636,10000,1,AMIGO,0,0,0,0,1,1,10000,1,0,0,0,CONSUMO_GRANEL,1
SUB74,Más de 2 años,De 26 a 35 años,MasculiNO,UNIÓN LIBRE,Suroccidente,10,10,10,10,SI,SI,3G,NO,Network 3G,3,16,258,105,0.709981554,0.290018446,0.038578033,-1,210.1916667,82.50612495,-1,2.793686985,6.442538905,0.780363867,360.9692074,40000,5.5,AMIGO,1,0,0,0,1,1,35000,7,0,1,0,PAQ_DATOS,1
SUB75,Más de 2 años,De 56 a 65 años,FemeniNO,SOLTERO (A),Centro,7,9,10,8,NO,NO,3G,NO,Network 3G,1,0,48.5,29,0.582380952,0.417619048,0.172857143,-1,54.68936679,10.89012926,1,3.13015873,1.351351351,0.675675676,377.9275362,13500,4,AMIGO,0,1,0,0,0,1,7000,3,0,0,0,PAQ_990,1
SUB76,Más de 2 años,De 46 a 55 años,FemeniNO,SOLTERO (A),Oriente,10,4,8,7,SI,NO,2G,NO,Network 2G,10,18,490,165.5,0.747448837,0.252551163,0.053304408,1,58.07280561,10.27229167,1,4.326293818,4.120833333,2.3625,279.4388889,26000,12,AMIGO,0,0,0,0,0,1,23000,11,0,0,0,CONSUMOS_VOZ,0
SUB77,Más de 2 años,De 26 a 35 años,FemeniNO,SOLTERO (A),Centro,6,7,6,7,NO,SI,3G,NO,Network 3G,6,8,64,113,0.364402658,0.635597342,0.053785054,1,185.2253114,44.70735294,1,2.943439716,2.303921569,6.617647059,322.8571429,15500,4.5,FACIL,1,0,0,1,1,1,17000,5,0,0,0,CONSUMOS_VOZ,1
SUB78,Más de 2 años,De 26 a 35 años,FemeniNO,CASADO (A),Centro,7,10,10,10,SI,NO,3G,NO,Network 3G,16,25,285,204.5,0.578705823,0.421294177,0.047482146,1,124.8066469,36.69169231,-1,4.267264808,3.507692308,2.102564103,343.910119,27500,8,AMIGO,0,0,1,1,1,1,30000,8,0,0,0,PAQ_990,1
SUB79,Más de 2 años,De 36 a 45 años,FemeniNO,SOLTERO (A),Centro,7,8,8,7,SI,NO,LTE,SI,Network 3G,1,5,148,232,0.3890828,0.6109172,0.025007618,1,67.27174875,33.07263923,1,1.716122246,3.809998576,0.985139819,317.3062397,15000,1.5,AMIGO,0,0,0,0,0,1,30000,3,1,1,0,CONSUMOS_VOZ,1
SUB80,Más de 2 años,De 26 a 35 años,MasculiNO,SOLTERO (A),Costa,7,10,10,10,NO,SI,3G,NO,Network 3G,0,1,7.5,33.5,0.177798392,0.822201608,0.132034632,-1,37.16666667,4.5,1,2.375,0,0,336,12000,2.5,FACIL,1,0,0,0,0,1,27000,3,0,0,0,CONSUMOS_VOZ,1
SUB81,Más de 2 años,De 26 a 35 años,FemeniNO,UNIÓN LIBRE,Centro,7,8,7,8,SI,NO,3G,NO,Network 3G,6,10,120,66,0.644377257,0.355622743,0.046379194,-1,40.14371953,43.05797511,-1,2.039492754,5.373303167,0.84841629,243.0922481,19500,6.5,AMIGO,0,0,0,0,0,1,18000,4,0,0,0,CONSUMOS_VOZ,1
SUB82,Más de 2 años,De 36 a 45 años,MasculiNO,UNIÓN LIBRE,Centro,4,4,4,4,NO,NO,2G,NO,Network 3G,6,11,82,120.5,0.40662533,0.59337467,0.113050483,1,83.1919986,12.53303303,-1,1.86516129,5.915915916,6.081081081,347.5888889,11500,9.5,AMIGO,1,1,0,0,0,1,9000,5,0,0,0,PAQ_DATOS,1
SUB83,Más de 2 años,De 26 a 35 años,FemeniNO,CASADO (A),Centro,1,6,5,5,SI,SI,3G,NO,Network 3G,0,4,86.5,99,0.480189317,0.519810683,0.049391481,1,59.05671529,18.65088496,1,1.904502721,12.70648968,1.275811209,360.4583333,13500,6.5,AMIGO,1,0,1,1,0,1,16000,8,0,0,0,PAQ_DATOS,1
SUB84,Entre 2 meses y 6 meses,De 18 a 25 años,FemeniNO,SOLTERO (A),Costa,8,9,9,1,NO,NO,3G,NO,Network 3G,0,0,7.5,143,0.05267445,0.94732555,0.029369174,1,54.9974778,0.25,1,1.75,5.555555556,0,342,7000,3.5,FACIL,1,0,0,0,0,0,2000,1,0,0,0,PAQ_DATOS,0
SUB85,Más de 2 años,De 56 a 65 años,FemeniNO,SOLTERO (A),Centro,9,10,10,9,NO,NO,LTE,SI,Network 3G,0,0,1.5,65.5,0.023076923,0.976923077,0.007692308,-1,87.10530622,98.33333333,-1,1,0,0,357.3333333,1500,1,AMIGO,0,0,0,0,0,0,3000,2,0,0,0,PAQ_DATOS,0
SUB86,Más de 2 años,De 26 a 35 años,MasculiNO,UNIÓN LIBRE,Centro,5,5,5,7,SI,NO,LTE,SI,Network 3G,12,3,309,189,0.622290208,0.377709792,0.017855163,-1,102.2350347,42.66288618,-1,1.475913274,1.564887116,2.656594806,346.0326087,9500,2.5,FACIL,0,0,0,0,1,1,9000,4,0,0,0,CONSUMO_GRANEL,1
SUB87,Más de 2 años,De 36 a 45 años,FemeniNO,CASADO (A),Suroccidente,4,4,2,4,SI,SI,3G,NO,Network 3G,0,0,150.5,193.5,0.422661871,0.577338129,0.032102123,-1,62.07160279,7.893216463,1,3.537170931,2.017276423,1.25254065,372.8982843,5000,2.5,AMIGO,0,1,0,0,1,1,4000,2,0,0,0,CONSUMOS_VOZ,1
SUB88,Más de 2 años,De 46 a 55 años,MasculiNO,SOLTERO (A),Noroccidente,10,10,10,10,SI,SI,3G,NO,Network 3G,1,7,436,254,0.63153491,0.36846509,0.039756918,-1,102.0699119,29.55008741,1,2.316328671,5.386800699,0.334353147,343.1428571,37500,9,AMIGO,1,0,0,0,1,1,37000,11,0,0,0,PAQ_DATOS,1
SUB89,Más de 2 años,De 18 a 25 años,MasculiNO,UNIÓN LIBRE,Suroccidente,10,10,5,10,SI,NO,2G,NO,Network 2G,6,23,309.5,234,0.560883443,0.439116557,0.035054572,-1,65.87420347,34.89066489,-1,3.66750583,2.245532246,2.589077589,284.3577039,14750,1.5,FACIL,0,0,1,0,0,1,28000,4,0,0,0,PAQ_MIN,1
SUB90,Más de 2 años,De 18 a 25 años,MasculiNO,SOLTERO (A),Centro,6,5,5,5,SI,SI,LTE,SI,Network 3G,1,3,83,67,0.553333333,0.446666667,0.016666667,1,66.16151291,85.68501505,1,1.696461313,3.564074133,2.249326786,361.1307692,15000,6,FACIL,0,0,0,0,0,1,10000,5,0,0,0,PAQ_990,1
SUB91,Entre 1 y 2 años,De 26 a 35 años,MasculiNO,UNIÓN LIBRE,Costa,9,9,9,9,NO,NO,2G,NO,Network 2G,4,8,463.5,104,0.774064733,0.225935267,0.051966033,1,65.76866368,29.15256758,1,3.01829774,1.359084406,1.368496348,315.4941279,20000,10,FACIL,0,0,1,0,0,1,20000,10,0,0,0,CONSUMOS_VOZ,0
SUB92,Más de 2 años,De 26 a 35 años,FemeniNO,UNIÓN LIBRE,Centro,9,10,10,9,NO,SI,LTE,SI,Network 3G,2,2,106.5,204.5,0.347851071,0.652148929,0.060098447,1,82.28409671,6.03021978,1,2.149615998,4.796433075,0.549450549,335.2270833,35500,20.5,FACIL,0,1,0,0,1,1,7000,6,0,0,0,PAQ_990,0
SUB93,Más de 2 años,De 36 a 45 años,FemeniNO,UNIÓN LIBRE,Centro,10,10,10,10,NO,SI,3G,NO,Network 3G,8,14,291.5,460.5,0.375293703,0.624706297,0.025199718,1,88.76945202,34.54028684,-1,1.690872451,2.221819354,0.909811189,362.2573864,20000,9,FACIL,1,1,0,0,1,1,31000,11,0,0,0,PAQ_990,0
SUB94,Más de 2 años,De 36 a 45 años,FemeniNO,UNIÓN LIBRE,Suroriente,8,9,9,10,SI,SI,LTE,SI,Network 3G,0,1,171,126.5,0.575137909,0.424862091,0.035568141,-1,110.2007086,18.29767442,-1,3.602050976,1.16621067,0.290697674,235.5,9000,8,AMIGO,1,0,0,0,1,1,15000,13,0,0,0,CONSUMOS_VOZ,0
SUB95,Más de 2 años,De 46 a 55 años,FemeniNO,UNIÓN LIBRE,Suroccidente,9,8,9,7,NO,SI,3G,NO,Network 3G,1,1,229.5,414,0.352639858,0.647360142,0.030301663,1,98.13667911,17.24398823,-1,2.24610357,9.719185977,3.109225327,354.6357143,28500,9,AMIGO,1,1,0,0,1,1,22000,7,0,0,0,PAQ_990,0
SUB96,Más de 2 años,De 46 a 55 años,MasculiNO,UNIÓN LIBRE,Noroccidente,9,10,8,9,NO,NO,2G,NO,Network 2G,2,7,143,277,0.339058717,0.660941283,0.042888867,1,163.7830065,32.78076213,-1,1.904907567,1.733253529,1.119756596,320.139742,12500,1.5,AMIGO,0,0,0,0,0,1,30000,3,1,0,0,CONSUMOS_VOZ,0
SUB97,Más de 2 años,De 18 a 25 años,FemeniNO,VIUDO (A),Noroccidente,6,7,7,8,SI,NO,2G,NO,Network 2G,1,2,71.5,168.5,0.297916667,0.702083333,0.1125,1,134.9025889,22.73769169,1,3.708560119,1.694915254,1.19047619,300.25,5500,2,AMIGO,0,0,0,0,0,1,7000,2,0,0,0,CONSUMOS_VOZ,1
SUB98,Más de 2 años,De 18 a 25 años,FemeniNO,SOLTERO (A),Suroccidente,7,7,5,8,SI,NO,3G,NO,Network 3G,0,0,1.5,98.5,0.017190153,0.982809847,0.013157895,1,79.86079982,20,-1,1,0,0,296,0,0,FACIL,0,0,0,0,0,0,0,0,0,0,0,PAQ_DATOS,1
SUB99,Entre 1 y 2 años,De 46 a 55 años,MasculiNO,SOLTERO (A),Noroccidente,4,8,9,6,NO,NO,2G,NO,Network 2G,0,1,66.5,16,0.805810171,0.194189829,0.033707865,1,64.75098039,30.37727687,1,2.926339286,5.487249545,4.41712204,301.1503268,7500,4,FACIL,0,0,0,0,0,1,3000,3,0,1,0,CONSUMOS_VOZ,0
SUB100,Más de 2 años,De 18 a 25 años,FemeniNO,CASADO (A),Centro,5,5,7,7,SI,SI,LTE,SI,Network 3G,0,0,23.5,36.5,0.475979772,0.524020228,0.298988622,1,118.0761905,13,-1,3.138888889,4.651162791,0,366,3500,1,FACIL,0,1,0,1,0,1,5000,1,0,0,0,PAQ_990,1
SUB101,Más de 2 años,De 46 a 55 años,MasculiNO,CASADO (A),Centro,10,10,10,10,SI,NO,3G,NO,Network 3G,3,6,561,174.5,0.76271365,0.23728635,0.064483302,1,64.25540976,29.71493135,1,1.98415045,0.710335622,0.710335622,331.0666322,20500,9.5,FACIL,0,0,0,0,0,1,18000,9,0,0,0,CONSUMOS_VOZ,0
SUB102,Más de 2 años,De 56 a 65 años,FemeniNO,CASADO (A),Centro,6,8,2,4,NO,NO,2G,NO,Network 2G,1,0,20.5,12,0.625,0.375,0.07,-1,53.95,149.1987179,1,1.477272727,0,1.923076923,322.2619048,10000,1,AMIGO,0,0,0,0,0,1,0,0,0,0,0,CONSUMOS_VOZ,1
SUB103,Más de 2 años,De 26 a 35 años,MasculiNO,UNIÓN LIBRE,Centro,8,8,8,9,NO,NO,3G,NO,Network 3G,2,1,8,83.5,0.108333333,0.891666667,0.035714286,1,137.6103896,19.03571429,-1,1.25,0,0,281,0,0,AMIGO,0,0,0,0,0,1,4000,1,0,1,0,PAQ_DATOS,0
SUB104,Más de 2 años,Más de 66,MasculiNO,CASADO (A),Centro,3,6,4,4,NO,SI,LTE,SI,Network 3G,1,4,56,113.5,0.326640927,0.673359073,0.030817831,-1,49.58329448,52.98061497,-1,3.259887006,0.735294118,2.205882353,336,22000,1.5,AMIGO,1,1,0,0,1,1,31000,2,0,0,0,PAQ_DATOS,1
SUB105,Más de 2 años,De 18 a 25 años,FemeniNO,UNIÓN LIBRE,Costa,9,9,9,9,NO,NO,2G,NO,Network 2G,3,0,139,63,0.687606197,0.312393803,0.035407296,-1,75.41856594,32.86427779,-1,2.427679118,2.201257862,0.943396226,330.0214286,13500,2,AMIGO,0,0,0,0,0,1,10000,2,0,0,0,CONSUMOS_VOZ,0
SUB106,Más de 2 años,De 36 a 45 años,FemeniNO,DIVORCIADO (A),Oriente,9,10,10,8,NO,SI,3G,NO,Network 3G,4,0,41.5,87,0.182819383,0.817180617,0.022026432,1,140.7263889,9.590361446,-1,2.5,6.024096386,2.409638554,337.45,3500,1.5,AMIGO,0,0,0,0,0,1,2000,1,0,0,0,CONSUMOS_VOZ,0
SUB107,Más de 2 años,De 46 a 55 años,MasculiNO,CASADO (A),Costa,3,10,10,9,SI,NO,2G,NO,Network 2G,5,4,332,168,0.661704372,0.338295628,0.096267568,-1,16.59919115,27.28252572,1,5.220125786,1.268958123,0.829490106,312.6884304,47500,23.5,AMIGO,0,0,0,0,0,1,62000,27,1,0,0,CONSUMOS_VOZ,0
SUB108,Más de 2 años,Más de 66,FemeniNO,CASADO (A),Noroccidente,10,9,7,10,SI,NO,2G,NO,Network 3G,0,0,18.5,210.5,0.073181181,0.926818819,0.062977099,1,144.7168281,13.625,-1,1.25,0,0,331,0,0,AMIGO,0,0,0,0,0,1,2000,1,0,0,0,PAQ_990,0
SUB109,Más de 2 años,De 26 a 35 años,MasculiNO,CASADO (A),Noroccidente,8,8,7,7,SI,NO,LTE,SI,Network 3G,0,0,26,208,0.098165761,0.901834239,0.005434783,-1,117.7996637,57.22765957,1,2.8,0,1.063829787,372,11000,0.5,AMIGO,0,0,0,0,0,0,0,0,0,0,0,PAQ_990,1
SUB110,Más de 2 años,De 46 a 55 años,FemeniNO,CASADO (A),Suroccidente,9,10,9,8,SI,SI,3G,NO,Network 3G,0,3,85.5,159,0.352205137,0.647794863,0.036769179,-1,84.88962374,23.11247262,-1,2.443764033,10.56955093,1.170591457,357.4298701,17750,7,AMIGO,0,1,0,0,1,1,8000,4,0,0,0,PAQ_990,0
SUB111,Más de 2 años,De 46 a 55 años,MasculiNO,CASADO (A),Centro,3,4,4,2,NO,NO,2G,NO,Network 2G,4,8,52.5,72,0.421354839,0.578645161,0.008032258,1,105.9972463,31.21428571,-1,1.614139344,1.984126984,0.793650794,338.5,2500,0.5,FACIL,0,0,0,0,0,1,5000,1,0,1,0,CONSUMOS_VOZ,1
SUB112,Más de 2 años,De 46 a 55 años,MasculiNO,CASADO (A),Centro,8,8,9,8,NO,NO,2G,NO,Network 2G,5,4,223.5,105,0.684313725,0.315686275,0.082748025,-1,43.98968971,17.57511673,1,2.662675375,0.186567164,0.373134328,279.5,19500,3,AMIGO,0,0,0,0,0,1,20000,3,1,0,0,CONSUMOS_VOZ,0
SUB113,Más de 2 años,De 26 a 35 años,FemeniNO,UNIÓN LIBRE,Suroccidente,9,9,8,8,SI,NO,2G,NO,Network 3G,5,9,495.5,115,0.810202636,0.189797364,0.102643262,-1,62.25462963,29.57532245,1,3.636536847,1.345844192,0.088809947,359.0388584,19500,7,AMIGO,0,0,0,0,0,1,30000,10,0,0,0,CONSUMOS_VOZ,0
SUB114,Más de 2 años,De 26 a 35 años,FemeniNO,UNIÓN LIBRE,Centro,5,8,8,9,SI,SI,3G,NO,Network 3G,0,0,1,88,0.01,0.99,0,1,46.74934589,26,1,1.5,0,0,370,0,0,FACIL,0,0,0,0,0,0,0,0,0,0,0,PAQ_DATOS,1
SUB115,Más de 2 años,De 46 a 55 años,FemeniNO,CASADO (A),Suroccidente,1,3,4,6,NO,NO,3G,NO,Network 3G,2,1,111,83,0.571328596,0.428671404,0.062661499,1,109.5517216,24.60371134,-1,2.295518207,3.6,1.6,362.4834776,15000,7.5,AMIGO,0,0,0,0,0,1,6000,3,0,0,0,CONSUMOS_VOZ,1
SUB116,Más de 2 años,De 26 a 35 años,FemeniNO,CASADO (A),Noroccidente,9,10,8,9,NO,SI,3G,NO,Network 3G,0,1,120,169.5,0.400788758,0.599211242,0.027445431,-1,40.75442478,26.36637363,-1,3.947678993,1.340659341,0,355.7875817,7000,1.5,FACIL,0,0,0,0,0,1,4000,2,0,0,0,CONSUMOS_VOZ,0
SUB117,Más de 2 años,De 26 a 35 años,FemeniNO,VIUDO (A),Centro,3,5,5,3,NO,NO,3G,NO,Network 3G,6,27,121.5,113,0.504189789,0.495810211,0.072807991,-1,85.6307917,14.55864198,1,2.054545455,12.03703704,1.234567901,358.2275,8500,4,AMIGO,0,1,0,0,1,1,8000,4,0,0,0,PAQ_990,0
SUB118,Más de 2 años,De 36 a 45 años,FemeniNO,CASADO (A),Suroriente,10,8,5,6,NO,NO,2G,NO,Network 2G,0,0,136,232.5,0.338983798,0.661016202,0.053904198,-1,146.8000163,8.166371254,1,2.434278351,2.191427651,0,241.25,4500,2,AMIGO,0,0,0,0,0,0,0,0,0,0,0,CONSUMOS_VOZ,1
SUB119,Más de 2 años,De 18 a 25 años,MasculiNO,SOLTERO (A),Centro,4,7,7,9,SI,SI,LTE,SI,Network 3G,1,0,81.5,273.5,0.23415493,0.76584507,0.015258216,-1,184.0726628,25.06560122,-1,1.969474638,1.666666667,5.943683409,331.0769231,16000,5.5,AMIGO,0,1,0,0,1,1,9000,3,0,0,0,PAQ_990,1
SUB120,Más de 2 años,De 18 a 25 años,FemeniNO,SOLTERO (A),Centro,6,8,6,6,SI,SI,LTE,SI,Network 3G,4,3,100.5,91,0.526616959,0.473383041,0.103837928,-1,67.26805986,17.1749531,1,1.446652345,3.955597248,2.673545966,360.638009,10500,4,AMIGO,1,1,0,0,1,1,13000,5,0,0,0,CONSUMOS_VOZ,0
SUB121,Más de 2 años,Más de 66,FemeniNO,CASADO (A),Noroccidente,8,7,8,9,NO,NO,2G,NO,Network 2G,0,0,155,223.5,0.409899966,0.590100034,0.113620487,1,355.8093737,39.29079254,1,3.087409493,0.320512821,0.641025641,328.3881119,19500,9.5,AMIGO,0,0,0,0,0,1,18000,8,0,0,0,CONSUMOS_VOZ,0
SUB122,Más de 2 años,De 46 a 55 años,FemeniNO,UNIÓN LIBRE,Centro,8,9,10,8,NO,NO,LTE,SI,Network 3G,1,9,77,80,0.490850071,0.509149929,0.04144857,-1,43.72501571,11.79494335,1,1.391031823,7.813292745,0.617283951,361.6298077,5500,2,AMIGO,0,0,0,0,0,1,9000,3,0,0,0,CONSUMOS_VOZ,0
SUB123,Más de 2 años,De 56 a 65 años,FemeniNO,CASADO (A),Centro,5,7,4,3,NO,NO,3G,NO,Network 3G,0,0,8.5,5,0.791666667,0.208333333,0.5,1,29.6,26,1,2.363636364,10.71428571,0,347,3000,1,FACIL,0,1,0,0,0,1,6000,2,0,0,0,PAQ_990,1
SUB124,Más de 2 años,De 36 a 45 años,MasculiNO,UNIÓN LIBRE,Centro,7,8,5,4,SI,NO,LTE,SI,Network 3G,14,28,835,718.5,0.537658284,0.462341716,0.048818338,-1,76.47044606,25.91922239,1,2.406213199,2.159273699,1.674843342,354.8982714,56500,25,FACIL,0,1,0,0,1,1,60000,28,0,0,0,PAQ_990,1
SUB125,Más de 2 años,De 36 a 45 años,FemeniNO,CASADO (A),Centro,5,6,3,3,NO,SI,3G,NO,Network 3G,0,1,105.5,349.5,0.224689045,0.775310955,0.021390426,-1,151.3055477,13.12853252,1,2.802313129,0.561797753,1.404494382,323.4952381,5500,3,FACIL,1,0,0,0,1,1,5000,4,0,0,0,CONSUMOS_VOZ,1
SUB126,Más de 2 años,De 46 a 55 años,MasculiNO,CASADO (A),Costa,10,9,9,9,NO,NO,2G,NO,Network 2G,0,0,92,51.5,0.610546932,0.389453068,0.034092558,-1,73.15009747,106.6509804,1,2.025487589,0.333333333,1.333333333,314.2714857,13000,5,AMIGO,0,0,0,0,0,1,2000,1,0,0,0,PAQ_MIN,0
SUB127,Más de 2 años,De 18 a 25 años,FemeniNO,CASADO (A),Suroccidente,9,10,10,10,NO,SI,LTE,SI,Network 3G,0,0,53,181.5,0.250130804,0.749869196,0.014388489,-1,122.8198736,12.03266888,-1,3.857142857,1.162790698,3.174603175,307,3000,1.5,AMIGO,0,0,0,0,1,1,2000,1,0,0,0,CONSUMOS_VOZ,0
SUB128,Más de 2 años,De 26 a 35 años,FemeniNO,CASADO (A),Suroccidente,8,10,10,10,NO,NO,3G,NO,Network 3G,0,8,61.5,86.5,0.416678169,0.583321831,0.058776167,-1,125.4824134,10.03700265,1,2.737268519,3.076923077,0,365.622549,2000,2,AMIGO,0,0,0,0,0,1,2000,2,0,0,0,CONSUMOS_VOZ,0
SUB129,Más de 2 años,De 18 a 25 años,FemeniNO,VIUDO (A),Centro,10,10,9,9,SI,NO,3G,NO,Network 3G,4,0,199,94,0.67965015,0.32034985,0.081711942,1,43.45570001,13.17784553,1,2.417502089,0.532199401,2.43902439,368.9495652,11000,8,FACIL,0,0,0,0,0,1,2000,2,0,0,0,CONSUMOS_VOZ,0
SUB130,Más de 2 años,De 36 a 45 años,MasculiNO,CASADO (A),Oriente,5,6,6,6,SI,NO,3G,NO,Network 3G,11,19,896.5,532.5,0.627324401,0.372675599,0.014675172,-1,41.43986373,53.70001506,-1,4.560486912,1.296636474,0.720720048,328.1738727,40500,20,FACIL,0,0,1,0,1,1,51000,25,0,1,1,CONSUMO_GRANEL,1
SUB131,Más de 2 años,De 46 a 55 años,MasculiNO,CASADO (A),Noroccidente,8,10,7,10,NO,SI,3G,NO,Network 3G,2,12,99.5,172,0.281191285,0.718808715,0.052762321,1,71.91272283,20.55615942,-1,2.12254902,36.30434783,0.543478261,336.1363636,7500,5,FACIL,0,0,1,0,1,1,13000,13,0,0,0,CONSUMOS_VOZ,0
SUB132,Más de 2 años,De 36 a 45 años,FemeniNO,SOLTERO (A),Centro,6,6,7,6,NO,NO,3G,NO,Network 3G,7,1,87.5,83.5,0.439984472,0.560015528,0.035597826,1,98.60149297,47.19876097,-1,1.671455939,2.594217863,1.006711409,316.407967,6500,4.5,FACIL,0,0,0,0,1,1,5000,4,0,0,0,CONSUMOS_VOZ,1
SUB133,Más de 2 años,De 36 a 45 años,FemeniNO,CASADO (A),Centro,8,8,6,8,NO,SI,3G,NO,Network 3G,1,10,50.5,56.5,0.463845883,0.536154117,0.028237157,-1,109.058191,17.66089744,-1,2.520398482,0,6.324786325,370.75,26000,12,AMIGO,1,1,0,0,1,1,27000,12,0,0,0,PAQ_DATOS,0
SUB134,Más de 2 años,De 26 a 35 años,MasculiNO,CASADO (A),Centro,6,9,9,10,NO,NO,3G,NO,Network 3G,2,2,208.5,54,0.794448612,0.205551388,0.047074269,-1,63.51704545,42.90760947,-1,2.687069552,1.080445015,1.105405791,367.4583333,28000,13,AMIGO,0,0,0,0,0,1,9000,4,0,0,0,CONSUMOS_VOZ,0
SUB135,Más de 2 años,De 26 a 35 años,MasculiNO,UNIÓN LIBRE,Costa,10,9,7,9,NO,SI,2G,NO,Network 2G,0,0,35.5,114,0.218393998,0.781606002,0.063304622,1,54.66759259,4.772556391,1,2.137254902,0.877192982,0.877192982,269.8333333,1000,0.5,AMIGO,0,0,0,0,0,1,2000,1,0,0,0,CONSUMOS_VOZ,0
SUB136,Más de 2 años,De 56 a 65 años,MasculiNO,SOLTERO (A),Noroccidente,8,10,8,6,NO,NO,2G,NO,Network 2G,0,6,269,76.5,0.778861311,0.221138689,0.013080664,1,92.26477156,45.4917192,-1,6.529940516,1.305021013,2.961181155,313.5932722,27500,1,AMIGO,0,0,0,0,0,1,30000,1,0,1,0,CONSUMOS_VOZ,0
SUB137,Más de 2 años,De 56 a 65 años,FemeniNO,CASADO (A),Noroccidente,10,10,10,10,NO,NO,2G,NO,Network 2G,2,2,227.5,520,0.308488225,0.691511775,0.00403811,-1,173.8521212,30.1096717,1,2.57620048,0.401606426,2.577299489,344.8,16000,3,AMIGO,0,0,0,0,0,1,20000,2,1,0,0,CONSUMOS_VOZ,0
SUB138,Más de 2 años,De 26 a 35 años,MasculiNO,UNIÓN LIBRE,Centro,4,7,4,5,SI,NO,3G,NO,Network 3G,1,0,186,152.5,0.554556175,0.445443825,0.018978233,-1,96.63759201,61.44758065,1,3.127083333,0,1.209677419,327.185306,17000,14.5,AMIGO,1,0,1,0,1,1,15000,11,0,1,0,PAQ_DATOS,0
SUB139,Más de 2 años,De 18 a 25 años,MasculiNO,SOLTERO (A),Costa,10,10,9,8,SI,NO,LTE,SI,Network 3G,2,1,130.5,49,0.725247063,0.274752937,0.025001554,1,75.1875,17.73530983,1,2.593984962,2.083333333,2.483974359,316.05,7000,2,FACIL,0,0,0,0,1,1,4000,2,0,0,0,CONSUMO_GRANEL,0
SUB140,Más de 2 años,De 36 a 45 años,FemeniNO,UNIÓN LIBRE,Centro,7,9,8,8,NO,NO,3G,NO,Network 3G,1,1,150,124.5,0.547438672,0.452561328,0.010702261,1,121.0634548,19.91890807,-1,1.892953343,1.732905125,0.628930818,367.1576087,7500,4,FACIL,0,0,0,0,0,1,14000,3,0,0,0,CONSUMOS_VOZ,1
SUB141,Más de 2 años,De 18 a 25 años,MasculiNO,CASADO (A),Centro,5,5,10,10,NO,SI,3G,NO,Network 3G,4,9,49,94,0.336827532,0.663172468,0.014141614,1,204.5808424,48.10394265,1,1.715256008,3.001792115,3.808243728,370.6410256,10000,2,AMIGO,1,1,0,0,1,1,30000,5,0,0,0,CONSUMOS_VOZ,1
SUB142,Más de 2 años,De 26 a 35 años,MasculiNO,SOLTERO (A),Noroccidente,7,8,8,5,SI,NO,3G,NO,Network 2G,6,1,76.5,41,0.68675275,0.31324725,0.009365535,-1,49.2717803,155.9976489,1,2.160773026,6.504702194,11.8599791,257.5,12000,6,AMIGO,0,0,0,0,0,1,12000,6,0,0,0,CONSUMOS_VOZ,1
SUB143,Más de 2 años,De 56 a 65 años,MasculiNO,DIVORCIADO (A),Centro,7,6,5,5,NO,NO,LTE,SI,Network 3G,0,0,10,31.5,0.216883117,0.783116883,0.036038961,1,141.1298077,55.09375,-1,1.266666667,12.5,0,365.125,2500,1,AMIGO,0,0,0,0,0,0,0,0,0,0,0,PAQ_990,1
SUB144,Más de 2 años,De 46 a 55 años,MasculiNO,SOLTERO (A),Costa,9,9,9,9,NO,SI,2G,NO,Network 2G,0,0,64,15,0.756498674,0.243501326,0.059151194,-1,216.9230769,2.840336134,1,2.580357143,0.420168067,7.236227824,326.375,0,0,FACIL,0,0,0,0,0,0,0,0,0,0,0,PAQ_DATOS,0
SUB145,Más de 2 años,De 36 a 45 años,FemeniNO,UNIÓN LIBRE,Centro,8,9,8,9,NO,SI,3G,NO,Network 3G,8,16,169.5,185.5,0.462636917,0.537363083,0.020175184,-1,93.3843256,14.70529994,1,1.82408593,2.731092437,3.450786255,351.021645,34000,12.5,AMIGO,0,1,0,0,1,1,29000,14,0,0,0,PAQ_990,1
SUB146,Más de 2 años,De 46 a 55 años,MasculiNO,SOLTERO (A),Centro,7,8,7,7,NO,NO,2G,NO,Network 2G,8,15,241.5,163.5,0.596428571,0.403571429,0.019322344,1,112.0193432,48.80329008,-1,2.771427152,4.021213057,2.687673772,287.2303224,33500,4.5,AMIGO,0,0,0,0,1,1,40000,7,1,0,0,CONSUMOS_VOZ,0
SUB147,Más de 2 años,De 26 a 35 años,MasculiNO,SOLTERO (A),Centro,5,8,6,6,NO,NO,LTE,SI,Network 3G,0,0,6.5,16,0.278361345,0.721638655,0.017857143,-1,33.02024291,117.4305556,1,1.25,0,5.555555556,346,0,0,AMIGO,0,0,0,0,0,0,0,0,0,0,0,PAQ_DATOS,1
SUB148,Más de 2 años,De 26 a 35 años,FemeniNO,SOLTERO (A),Costa,8,9,10,10,NO,SI,LTE,SI,Network 3G,1,3,117,163,0.419191919,0.580808081,0.028860029,-1,111.2479269,18.95699083,-1,1.959090909,4.634862385,0,179,15500,3.5,AMIGO,0,1,0,1,1,1,31000,8,0,0,0,PAQ_990,0
SUB149,Más de 2 años,De 18 a 25 años,MasculiNO,SOLTERO (A),Centro,7,7,7,7,SI,NO,3G,NO,Network 3G,1,3,75.5,42,0.630639098,0.369360902,0.022932331,1,89.96568349,38.11435662,1,2.318947368,0.925925926,2.06185567,316.909749,7000,2,FACIL,0,1,0,0,1,1,7000,2,0,0,0,CONSUMOS_VOZ,1
SUB150,Más de 2 años,De 26 a 35 años,MasculiNO,SOLTERO (A),Centro,5,6,5,9,NO,SI,3G,NO,Network 3G,2,7,216,319.5,0.395704922,0.604295078,0.013941161,-1,113.5621983,50.27345686,1,2.793727191,3.45686161,2.228141285,362.8634783,67000,13,FACIL,1,1,0,0,1,1,56000,13,0,0,0,PAQ_DATOS,1
SUB151,Más de 2 años,De 26 a 35 años,FemeniNO,SOLTERO (A),Centro,2,3,3,2,SI,NO,LTE,SI,Network 3G,0,0,2,89,0.02247191,0.97752809,0.011235955,1,51.3372549,53.5,1,1,0,0,345,0,0,AMIGO,0,0,0,0,1,1,1000,1,0,0,0,PAQ_DATOS,1
SUB152,Más de 2 años,De 46 a 55 años,MasculiNO,NO RESPONDE,Centro,8,6,8,8,NO,NO,2G,NO,Network 3G,1,0,81.5,127,0.390214521,0.609785479,0.055749896,-1,39.97139831,14.34634703,1,2.282201405,1.666666667,2.610350076,351.25,7000,3.5,AMIGO,0,0,0,0,0,1,5000,2,0,0,0,CONSUMOS_VOZ,1
SUB153,Más de 2 años,De 26 a 35 años,MasculiNO,UNIÓN LIBRE,Centro,6,8,6,8,NO,NO,2G,NO,Network 2G,0,5,227,62,0.784376807,0.215623193,0.013929053,1,145.0118397,43.81790577,1,1.669888771,4.002350867,0.688608091,353.3955628,20000,2,AMIGO,0,0,1,0,0,1,10000,1,1,0,1,CONSUMOS_VOZ,0
SUB154,Más de 2 años,De 26 a 35 años,FemeniNO,UNIÓN LIBRE,Noroccidente,1,2,2,6,NO,SI,2G,NO,Network 2G,8,1,270.5,143,0.676037957,0.323962043,0.02673865,-1,47.33310824,98.7122384,-1,2.227771612,0.226244344,2.747454751,313.2706686,22500,5,AMIGO,0,0,0,0,0,1,20000,7,0,0,0,CONSUMOS_VOZ,1
SUB155,Más de 2 años,De 18 a 25 años,MasculiNO,SOLTERO (A),Centro,10,10,10,10,SI,NO,3G,NO,Network 3G,0,1,196.5,148.5,0.565713206,0.434286794,0.027847782,1,79.17634974,45.84139649,-1,2.176667633,2.21209051,1.743498818,366.2307692,20000,2,AMIGO,0,1,1,1,1,1,13000,2,0,0,0,PAQ_990,0
SUB156,Más de 2 años,De 18 a 25 años,MasculiNO,UNIÓN LIBRE,Suroccidente,5,8,4,7,NO,SI,2G,NO,Network 2G,34,11,313,76.5,0.808630714,0.191369286,0.020519246,1,19.64705882,99.12016112,-1,2.435896555,3.180825877,5.180436409,254.0402439,13000,7,FACIL,0,0,1,0,0,1,16000,5,0,1,0,PAQ_MIN,1
SUB157,Más de 2 años,De 26 a 35 años,MasculiNO,UNIÓN LIBRE,Noroccidente,3,2,6,6,SI,SI,LTE,SI,Network 3G,4,6,496,238.5,0.680240625,0.319759375,0.027513114,1,117.3158074,73.59739756,1,2.874725552,2.428318215,1.828797831,332.5230263,102500,9.5,AMIGO,1,1,0,0,1,1,110000,10,1,0,0,PAQ_DATOS,1
SUB158,Más de 2 años,De 26 a 35 años,FemeniNO,SOLTERO (A),Centro,7,8,5,5,SI,NO,LTE,SI,Network 3G,6,3,331,326.5,0.491168327,0.508831673,0.0367061,1,165.2064695,54.97480164,-1,1.599804921,1.588974295,2.602487809,345.6362319,68000,20.5,AMIGO,0,0,1,0,0,1,60000,13,0,0,0,CONSUMOS_VOZ,1
SUB159,Más de 2 años,De 46 a 55 años,FemeniNO,CASADO (A),Costa,5,8,6,5,SI,SI,3G,NO,Network 3G,0,4,274.5,158.5,0.635773185,0.364226815,0.019201114,1,76.83927121,98.220908,-1,2.120293712,0.358422939,0.185185185,359.2749728,21000,3,FACIL,0,1,0,0,0,1,15000,2,0,0,0,PAQ_990,1
SUB160,Más de 2 años,De 26 a 35 años,MasculiNO,SOLTERO (A),Centro,8,9,6,7,SI,SI,LTE,SI,Network 3G,1,0,20.5,83.5,0.195475155,0.804524845,0.00990099,1,58.02923851,4.461640212,1,3.152777778,0,0,298.4166667,4000,4,FACIL,0,1,0,0,1,1,5000,5,0,0,0,PAQ_DATOS,1
SUB161,Más de 2 años,De 56 a 65 años,MasculiNO,UNIÓN LIBRE,Centro,9,9,8,8,NO,NO,3G,NO,Network 3G,0,3,15,52.5,0.215201061,0.784798939,0.024193548,-1,41.76089325,49.71590909,1,1.361111111,15.34090909,0,345.9,2500,0.5,FACIL,0,0,0,0,1,1,0,0,0,0,0,CONSUMOS_VOZ,0
SUB162,Más de 2 años,De 26 a 35 años,FemeniNO,SOLTERO (A),Noroccidente,5,8,10,10,SI,NO,3G,NO,Network 3G,2,6,501.5,102,0.831361576,0.168638424,0.044262975,-1,41.4207916,88.49554771,-1,4.436240083,5.221994754,0.371057514,339.6,16500,15.5,FACIL,0,0,0,0,0,1,19000,19,0,1,0,CONSUMOS_VOZ,0
SUB163,Más de 2 años,De 36 a 45 años,FemeniNO,CASADO (A),Centro,6,7,5,5,NO,NO,2G,NO,Network 2G,0,0,35.5,37.5,0.480135005,0.519864995,0.093731919,-1,67.75286944,22.28619529,-1,2.381512605,7.954545455,0,269.7666667,4000,3,AMIGO,0,0,0,0,0,1,3000,3,0,0,0,CONSUMOS_VOZ,1
SUB164,Más de 2 años,De 46 a 55 años,FemeniNO,CASADO (A),Centro,5,4,2,2,NO,SI,3G,NO,Network 3G,2,14,92,225.5,0.287331595,0.712668405,0.111619979,-1,156.4411152,14.43886327,1,2.480930077,1.327433628,0.704225352,363.3333333,6000,3,AMIGO,0,0,0,0,0,1,9000,4,0,0,0,CONSUMOS_VOZ,1
SUB165,Más de 2 años,De 46 a 55 años,FemeniNO,DIVORCIADO (A),Costa,8,8,7,8,SI,NO,2G,NO,Network 2G,3,7,241.5,96,0.688874141,0.311125859,0.051340957,-1,273.5467595,22.26314016,1,2.811564107,0.134770889,1.212938005,279.3030303,7000,3,AMIGO,0,0,0,0,0,1,5000,2,0,0,0,CONSUMOS_VOZ,0
SUB166,Más de 2 años,De 26 a 35 años,FemeniNO,UNIÓN LIBRE,Costa,8,10,10,10,SI,SI,3G,NO,Network 3G,2,1,100.5,428,0.191478749,0.808521251,0.044316747,1,86.42754456,25.41871897,-1,3.561807332,1.996027805,0,313.9912854,11000,9,AMIGO,1,1,0,0,1,1,13000,9,0,0,0,PAQ_DATOS,0
SUB167,Entre 1 y 2 años,De 18 a 25 años,MasculiNO,SOLTERO (A),Centro,9,8,7,7,NO,SI,2G,NO,Network 2G,1,0,83,61.5,0.552537328,0.447462672,0.089386602,1,52.51930196,11.97024723,1,1.713235294,28.31202046,4.458653026,282.7777778,8875,4.5,AMIGO,0,0,1,0,0,1,4000,3,0,0,0,PAQ_DATOS,0
SUB168,Más de 2 años,De 56 a 65 años,MasculiNO,SOLTERO (A),Centro,8,7,8,8,SI,NO,2G,NO,Network 2G,0,1,38,115.5,0.245444825,0.754555175,0.029833191,-1,98.65351933,45.91684588,1,2.699750831,0,1.111111111,293.5,12000,6,AMIGO,0,0,0,0,0,1,12000,6,0,0,0,CONSUMOS_VOZ,1
SUB169,Más de 2 años,De 46 a 55 años,FemeniNO,UNIÓN LIBRE,Costa,9,8,8,7,NO,SI,2G,NO,Network 2G,0,0,13.5,54.5,0.198784722,0.801215278,0.129340278,1,46.20131846,1.945054945,1,1.3125,0,0,288,0,0,AMIGO,0,0,0,0,0,1,2000,1,0,0,0,CONSUMO_GRANEL,0
SUB170,Más de 2 años,De 36 a 45 años,FemeniNO,UNIÓN LIBRE,Centro,1,1,8,5,NO,NO,3G,NO,Network 2G,15,15,187.5,25,0.881033485,0.118966515,0.012345267,-1,66.00483092,73.74124821,-1,1.715952932,21.71449067,10.56671449,213.1141026,15000,8.5,AMIGO,0,0,0,0,0,1,10000,6,0,0,0,CONSUMOS_VOZ,1
SUB171,Más de 2 años,De 56 a 65 años,MasculiNO,CASADO (A),Centro,5,2,4,5,SI,NO,3G,NO,Network 2G,8,7,181,195.5,0.481267218,0.518732782,0.014388642,1,77.80808638,66.47539683,1,2.165014798,3.031135531,2.759462759,322.3193182,30000,3,AMIGO,0,1,0,0,0,1,20000,2,0,0,0,CONSUMOS_VOZ,1
SUB172,Más de 2 años,De 26 a 35 años,FemeniNO,UNIÓN LIBRE,Centro,5,7,6,8,SI,SI,LTE,SI,Network 3G,6,11,87,61.5,0.581372104,0.418627896,0.033144025,-1,68.41078323,32.68881798,1,3.028125,5.563263041,4.883462819,330.6476064,4000,2,AMIGO,0,0,1,0,1,1,8000,4,0,0,0,PAQ_DATOS,1
SUB173,Más de 2 años,De 56 a 65 años,MasculiNO,UNIÓN LIBRE,Costa,8,7,6,9,SI,NO,2G,NO,Network 3G,3,4,85,58.5,0.588454785,0.411545215,0.03826456,-1,66.91137566,56.48114952,-1,1.925794456,3.03030303,1.209275857,368.619391,15000,3.5,AMIGO,0,0,0,0,1,1,10000,2,0,0,0,CONSUMOS_VOZ,0
SUB174,Más de 2 años,De 36 a 45 años,FemeniNO,DIVORCIADO (A),Centro,5,8,8,7,SI,SI,3G,NO,Network 3G,1,3,134.5,344.5,0.281915381,0.718084619,0.01426032,1,72.19779689,9.708859358,1,1.724774581,0.387596899,2.173311185,366.9325397,31500,14.5,FACIL,0,1,0,0,1,1,28000,14,0,0,0,PAQ_990,1
SUB175,Más de 2 años,De 26 a 35 años,FemeniNO,SOLTERO (A),Centro,8,10,6,8,SI,NO,3G,NO,Network 3G,4,3,44,95.5,0.302672874,0.697327126,0.020922691,1,67.42971491,12.48190476,-1,1.909670165,0.793650794,5.968253968,341.8611111,2000,1,FACIL,0,0,0,0,0,1,1000,1,0,0,0,CONSUMOS_VOZ,0
SUB176,Entre 7 meses y 1 año,De 18 a 25 años,FemeniNO,SOLTERO (A),Costa,8,9,8,10,SI,SI,3G,NO,Network 3G,1,1,180.5,244.5,0.41816272,0.58183728,0.056722689,-1,108.3301332,59.21163399,-1,2.899655547,2.137254902,0.666666667,404,20500,5.5,FACIL,1,1,0,0,1,1,8000,6,0,0,0,PAQ_MIN,1
SUB177,Más de 2 años,De 18 a 25 años,FemeniNO,SOLTERO (A),Noroccidente,8,8,10,8,NO,SI,3G,NO,Network 3G,0,2,33,96,0.241036955,0.758963045,0.04743519,1,174.8489583,95.96078431,1,3.038636364,0.980392157,0.980392157,330.8333333,15000,2.5,AMIGO,0,1,0,0,1,1,25000,4,0,0,0,PAQ_990,1
SUB178,Más de 2 años,De 26 a 35 años,MasculiNO,UNIÓN LIBRE,Centro,6,7,8,9,NO,NO,3G,NO,Network 3G,0,0,29,248.5,0.097763603,0.902236397,0.057051736,-1,122.3488395,20.5075,1,1.601190476,0,0,339.2083333,1000,1,AMIGO,0,0,0,0,0,0,0,0,0,0,0,CONSUMOS_VOZ,0
SUB179,Más de 2 años,De 18 a 25 años,MasculiNO,SOLTERO (A),Suroccidente,8,8,7,9,NO,SI,2G,NO,Network 2G,15,13,537,223,0.680835437,0.319164563,0.144637196,1,30.26116642,4.187595325,-1,3.988258417,1.448938992,0.800314987,283.5,10000,9,FACIL,0,0,1,0,0,1,16000,16,0,0,0,CONSUMOS_VOZ,0
SUB180,Entre 1 y 2 años,De 56 a 65 años,FemeniNO,CASADO (A),Centro,4,5,5,5,NO,NO,3G,NO,Network 3G,4,4,59,75,0.438576779,0.561423221,0.008364544,1,40.21806298,38.75527426,1,2.440958165,0,0.632911392,362.4576074,10500,2,AMIGO,0,0,0,0,0,1,5000,1,0,0,0,CONSUMOS_VOZ,1
SUB181,Más de 2 años,De 18 a 25 años,MasculiNO,UNIÓN LIBRE,Centro,8,8,8,9,NO,SI,LTE,SI,Network 3G,0,1,55.5,204.5,0.18046252,0.81953748,0.023763955,1,54.55261112,36.07363636,-1,1.846441948,2,0.5,367.1465517,15000,1.5,FACIL,1,1,0,0,1,1,20000,3,0,0,0,CONSUMO_GRANEL,0
SUB182,Más de 2 años,De 56 a 65 años,FemeniNO,CASADO (A),Noroccidente,5,7,8,8,NO,SI,3G,NO,Network 3G,2,4,32.5,65,0.291717196,0.708282804,0.019342712,1,298.6808141,100.1700337,-1,2.633333333,5.555555556,0.925925926,168,10000,1,FACIL,0,1,0,0,1,1,10000,1,0,0,0,PAQ_990,0
SUB183,Más de 2 años,De 46 a 55 años,FemeniNO,DIVORCIADO (A),Costa,9,10,10,9,SI,NO,2G,NO,Network 2G,0,0,87.5,248,0.256692658,0.743307342,0.044778613,1,132.2456749,29.52628968,-1,2.830101271,2.132936508,3.918650794,292.9666667,3500,2.5,AMIGO,0,0,1,0,0,1,1000,1,0,0,0,PAQ_MIN,0
SUB184,Más de 2 años,De 26 a 35 años,FemeniNO,SOLTERO (A),Noroccidente,9,10,9,8,NO,SI,3G,NO,Network 3G,0,1,110.5,118.5,0.485548856,0.514451144,0.012881615,1,77.6540146,60.19319114,-1,4.02917894,3.699753897,6.419196062,348.5064103,20000,2.5,AMIGO,0,1,1,0,1,1,20000,2,0,0,0,PAQ_990,1
SUB185,Más de 2 años,De 18 a 25 años,MasculiNO,CASADO (A),Centro,6,9,8,8,SI,SI,3G,NO,Network 3G,0,0,349.5,181.5,0.657481112,0.342518888,0.059509354,-1,91.7942304,52.42686226,1,2.064942438,0.231481481,1.674989596,344.7068376,12000,6,FACIL,1,0,0,0,1,1,5000,3,0,0,0,PAQ_DATOS,1
SUB186,Más de 2 años,De 46 a 55 años,MasculiNO,CASADO (A),Costa,8,10,9,9,SI,NO,3G,NO,Network 3G,2,7,164,249.5,0.384746872,0.615253128,0.056553681,1,104.1702191,41.51649832,-1,2.846611722,0.227272727,2.053872054,344.1072971,24000,9,AMIGO,0,0,0,0,1,1,29000,10,0,0,0,CONSUMOS_VOZ,0
SUB187,Más de 2 años,De 36 a 45 años,MasculiNO,UNIÓN LIBRE,Costa,9,10,9,10,SI,NO,LTE,NO,Network 3G,10,2,510,842,0.376788122,0.623211878,0.033038351,1,55.41245652,20.19519667,1,2.532983683,0.571419508,1.759067964,365.6191679,25000,10.5,FACIL,0,0,0,0,0,1,55000,22,0,0,0,CONSUMOS_VOZ,0
SUB188,Más de 2 años,De 18 a 25 años,FemeniNO,SOLTERO (A),Suroccidente,10,10,8,10,NO,SI,LTE,SI,Network 3G,1,5,64.5,68,0.490081505,0.509918495,0.048513724,1,78.95490196,22.41046454,-1,2.876602564,3.221778222,0,362.2971429,13000,9,AMIGO,0,1,0,0,1,1,12000,12,0,0,0,PAQ_990,0
SUB189,Más de 2 años,De 18 a 25 años,FemeniNO,SOLTERO (A),Noroccidente,7,8,8,9,NO,NO,LTE,SI,Network 3G,0,0,8.5,39.5,0.169642857,0.830357143,0.064285714,-1,97.83636364,6.633333333,-1,2.1,0,0,378,0,0,AMIGO,0,0,0,0,0,0,0,0,0,0,0,PAQ_DATOS,1
SUB190,Más de 2 años,De 46 a 55 años,MasculiNO,CASADO (A),Centro,6,7,5,8,NO,NO,2G,NO,Network 2G,36,13,328.5,213,0.602294426,0.397705574,0.017775382,1,39.39164517,58.86859503,1,2.262323868,2.646782662,6.468209865,257.0588492,23500,5,AMIGO,1,0,1,0,0,1,25000,5,0,0,0,CONSUMOS_VOZ,0
SUB191,Más de 2 años,De 18 a 25 años,FemeniNO,SOLTERO (A),Costa,9,10,10,10,SI,NO,3G,NO,Network 3G,2,26,42.5,52.5,0.516786571,0.483213429,0.065382988,1,58.21423797,16.85784314,1,1.903846154,12.25490196,0,366.3703704,0,0,AMIGO,0,0,0,0,0,0,0,0,0,0,0,CONSUMOS_VOZ,0
SUB192,Más de 2 años,De 18 a 25 años,MasculiNO,SOLTERO (A),Centro,9,8,9,6,NO,NO,2G,NO,Network 2G,0,0,181.5,90,0.604413236,0.395586764,0.056718195,1,104.3137255,207.7448903,1,2.321561338,0,2.599700897,321.696831,31450,8,FACIL,0,0,1,0,0,1,5000,1,0,0,0,CONSUMO_GRANEL,0
SUB193,Más de 2 años,De 18 a 25 años,MasculiNO,SOLTERO (A),Centro,6,6,3,4,NO,SI,LTE,SI,Network 3G,0,3,47.5,72,0.390934959,0.609065041,0.074878049,1,64.74906778,5.887526652,-1,1.99702381,7.8891258,3.571428571,352.4705882,9000,4.5,AMIGO,1,1,0,0,1,1,9000,8,0,0,0,PAQ_DATOS,1
SUB194,Entre 7 meses y 1 año,De 46 a 55 años,FemeniNO,CASADO (A),Noroccidente,10,8,6,8,SI,NO,3G,NO,Network 3G,4,2,383,378,0.504838874,0.495161126,0.030312776,-1,137.170678,62.00166365,1,5.353189231,1.868616131,3.47726574,291.6097201,16000,10.5,AMIGO,0,0,0,0,0,1,18000,10,0,0,0,CONSUMOS_VOZ,0
SUB195,Entre 2 meses y 6 meses,De 46 a 55 años,FemeniNO,NO RESPONDE,Centro,2,1,1,1,NO,NO,2G,NO,Network 2G,1,3,28.5,107,0.151487977,0.848512023,0.030955228,-1,92.14318893,50.76785714,-1,2.32,0,5.357142857,319,12000,5,AMIGO,0,0,0,0,0,1,15500,10,0,0,0,CONSUMOS_VOZ,1
SUB196,Más de 2 años,De 56 a 65 años,FemeniNO,SOLTERO (A),Centro,8,8,8,6,NO,NO,2G,NO,Network 2G,2,1,186.5,144,0.562791231,0.437208769,0.084750504,1,69.66913717,7.116359514,1,2.093992603,0.299401198,0.784838091,298,7000,3.5,AMIGO,0,0,0,0,0,1,4000,2,0,0,0,CONSUMOS_VOZ,1
SUB197,Más de 2 años,De 56 a 65 años,MasculiNO,UNIÓN LIBRE,Suroccidente,9,9,9,9,SI,NO,2G,NO,Network 2G,0,0,39.5,137,0.22974044,0.77025956,0.144277128,-1,110.1554552,9.193910256,-1,1.975,6.25,0,283.75,0,0,FACIL,0,0,0,0,0,1,0,0,0,0,0,CONSUMOS_VOZ,0
SUB198,Más de 2 años,De 56 a 65 años,FemeniNO,SOLTERO (A),Centro,7,7,5,5,NO,NO,2G,NO,Network 2G,1,2,65.5,82.5,0.441337719,0.558662281,0.01005117,1,121.1253316,4.078828829,-1,2.68494152,0,0.675675676,323.6666667,2000,1,AMIGO,0,0,0,0,0,1,2000,1,0,0,0,CONSUMOS_VOZ,1
SUB199,Más de 2 años,De 26 a 35 años,FemeniNO,UNIÓN LIBRE,Centro,4,6,8,8,SI,SI,3G,NO,Network 3G,13,38,1372,506.5,0.727184528,0.272815472,0.012636476,1,51.06389116,56.81964436,1,3.548417395,2.352566486,0.764260729,353.25,77500,20.5,FACIL,1,0,1,1,1,1,79000,24,0,1,1,PAQ_MIN,1
SUB200,Más de 2 años,De 46 a 55 años,FemeniNO,SOLTERO (A),Costa,9,10,8,9,SI,NO,3G,NO,Network 3G,1,1,22.5,113.5,0.161516778,0.838483222,0.079958801,-1,127.6460893,9.589572193,-1,2.107142857,22.32620321,0,342.5,2000,1,AMIGO,0,1,0,0,1,1,4000,2,0,0,0,CONSUMOS_VOZ,0
SUB201,Más de 2 años,De 46 a 55 años,FemeniNO,SOLTERO (A),Noroccidente,5,5,5,5,NO,NO,2G,NO,Network 2G,7,0,20.5,1,0.967741935,0.032258065,0.173387097,1,558,34.84051724,1,1.700854701,0,0,319.8125,3000,1.5,AMIGO,0,0,0,0,0,1,10000,2,0,0,0,CONSUMOS_VOZ,1
SUB202,Más de 2 años,De 46 a 55 años,FemeniNO,SOLTERO (A),Centro,6,8,7,6,NO,NO,2G,NO,Network 2G,0,0,37,52.5,0.422916667,0.577083333,0.01010101,-1,45.04195804,105.3957871,-1,1.575838415,0,0,324,15000,2.5,AMIGO,0,0,0,0,1,1,16000,4,0,0,0,CONSUMOS_VOZ,1
SUB203,Más de 2 años,De 36 a 45 años,MasculiNO,UNIÓN LIBRE,Centro,7,10,10,8,NO,SI,LTE,SI,Network 3G,5,0,124,170,0.421474359,0.578525641,0.030518395,1,31.06799334,86.84383786,-1,2.25883995,1.304347826,2.808107225,348.0300926,20500,2.5,FACIL,0,1,0,0,1,1,23000,4,0,0,0,PAQ_990,1
SUB204,Más de 2 años,De 26 a 35 años,FemeniNO,SOLTERO (A),Centro,10,10,10,10,SI,SI,LTE,SI,Network 3G,1,0,63.5,63,0.494915254,0.505084746,0.034934087,1,68.57407407,33.07514761,-1,2.127413127,1.704240472,1.704240472,355.2916667,4500,3,FACIL,1,1,0,0,0,1,20000,17,0,0,0,CONSUMO_GRANEL,1
SUB205,Más de 2 años,De 26 a 35 años,FemeniNO,UNIÓN LIBRE,Noroccidente,2,10,10,5,SI,NO,3G,NO,Network 3G,1,0,31.5,29,0.505882353,0.494117647,0.035714286,-1,40.225,5.19047619,1,3.124269006,5.952380952,0,219,1500,1,FACIL,0,0,1,0,0,1,1000,1,0,0,0,CONSUMOS_VOZ,1
SUB206,Más de 2 años,De 36 a 45 años,FemeniNO,SOLTERO (A),Noroccidente,8,6,6,6,NO,NO,2G,NO,Network 2G,0,0,27.5,76,0.264571268,0.735428732,0.047870353,-1,340.2399861,60.24242424,1,3.597894737,1.515151515,1.515151515,229.7,4000,2,AMIGO,0,0,0,0,0,1,4000,2,0,1,0,CONSUMOS_VOZ,1
SUB207,Entre 1 y 2 años,De 36 a 45 años,FemeniNO,SOLTERO (A),Costa,10,10,9,10,NO,NO,2G,NO,Network 2G,0,2,193.5,25,0.751788995,0.248211005,0.215090417,-1,32.32850242,17.75040776,1,1.746855346,1.123595506,5.613446901,253.0196078,7000,4.5,FACIL,0,0,0,0,0,1,5000,4,0,0,0,CONSUMOS_VOZ,0
SUB208,Más de 2 años,De 56 a 65 años,FemeniNO,CASADO (A),Centro,8,9,8,9,SI,SI,3G,NO,Network 3G,2,5,334.5,237,0.584866526,0.415133474,0.026871304,1,70.97800553,56.03540455,1,1.77630909,1.160848955,1.921730231,353.840812,49000,16.5,AMIGO,0,1,0,0,1,1,44000,15,0,0,0,PAQ_990,0
SUB209,Más de 2 años,De 46 a 55 años,MasculiNO,UNIÓN LIBRE,Centro,8,5,8,6,NO,NO,3G,NO,Network 3G,3,0,73.5,80.5,0.470161535,0.529838465,0.051643497,-1,48.83310034,30.78656126,-1,1.729946524,2.361660079,0.909090909,360.7706767,10000,1,AMIGO,0,0,0,0,0,1,10000,1,0,1,0,CONSUMOS_VOZ,1
SUB210,Más de 2 años,De 26 a 35 años,MasculiNO,UNIÓN LIBRE,Centro,10,10,9,9,NO,NO,3G,NO,Network 3G,2,4,141,50,0.736522837,0.263477163,0.076306544,-1,31.57894737,29.46908814,1,3.096607246,0.967741935,1.181102362,357.3026316,26000,4,AMIGO,0,1,0,0,1,1,27000,5,0,0,0,PAQ_990,1
SUB211,Más de 2 años,De 46 a 55 años,MasculiNO,UNIÓN LIBRE,Centro,4,2,7,2,SI,NO,3G,NO,Network 3G,3,3,226,145.5,0.607061041,0.392938959,0.014596926,-1,52.96889379,21.70888889,-1,1.843373231,2.388888889,0.25,355.7222222,14000,4.5,AMIGO,0,0,0,0,0,1,16000,5,0,0,0,CONSUMOS_VOZ,1
SUB212,Más de 2 años,De 18 a 25 años,FemeniNO,SOLTERO (A),Centro,1,2,1,2,NO,NO,3G,NO,Network 2G,0,6,37,197,0.149694669,0.850305331,0.028580074,-1,113.9911914,6.121428571,1,2.426229508,4.285714286,0.714285714,329,500,0.5,FACIL,0,0,0,0,0,0,0,0,0,0,0,CONSUMOS_VOZ,1
SUB213,Más de 2 años,De 56 a 65 años,MasculiNO,CASADO (A),Centro,6,5,5,3,NO,NO,3G,NO,Network 3G,6,9,316.5,187.5,0.628873259,0.371126741,0.032689059,1,104.6868099,56.9842643,1,1.715638892,1.266861466,2.004362967,351.3138272,60000,6,AMIGO,0,1,0,0,1,1,55000,6,0,0,0,PAQ_990,1
SUB214,Más de 2 años,De 18 a 25 años,MasculiNO,SOLTERO (A),Centro,2,3,2,2,SI,SI,2G,NO,Network 2G,0,0,0.5,9.5,0.1,0.9,0,1,19.48333333,199,1,2,0,0,305,0,0,AMIGO,0,0,0,0,0,0,0,0,0,0,0,PAQ_DATOS,1
SUB215,Más de 2 años,De 26 a 35 años,FemeniNO,CASADO (A),Noroccidente,1,10,10,10,NO,NO,3G,NO,Network 3G,0,0,291,284,0.34123852,0.65876148,0.025705134,-1,67.72575583,28.33275563,1,1.893406593,18.9254766,0.953206239,362.0714286,6000,1,FACIL,0,0,0,0,0,1,5000,1,0,0,0,PAQ_990,1
SUB216,Más de 2 años,De 56 a 65 años,MasculiNO,DIVORCIADO (A),Centro,8,10,10,10,NO,NO,2G,NO,Network 2G,1,5,205.5,114.5,0.645436751,0.354563249,0.004624419,1,64.79354865,10.97024291,1,1.590639765,2.752293578,0.229357798,322.2073503,14000,7,AMIGO,0,0,0,0,0,1,18000,9,0,0,0,CONSUMOS_VOZ,0
SUB217,Más de 2 años,De 46 a 55 años,MasculiNO,DIVORCIADO (A),Centro,8,9,9,9,SI,NO,3G,NO,Network 3G,1,7,193.5,402,0.322219163,0.677780837,0.012609718,-1,69.62587729,47.97544359,1,1.591328083,0.534796308,0,364.2745118,30000,3.5,AMIGO,0,0,0,0,0,1,30000,3,0,0,0,PAQ_990,0
SUB218,Más de 2 años,De 18 a 25 años,FemeniNO,CASADO (A),Centro,10,10,10,10,SI,NO,2G,NO,Network 3G,0,1,24.5,349,0.080971524,0.919028476,0.063366834,-1,63.1299222,7.15625,-1,1.211538462,0,0,187.5,0,0,AMIGO,0,0,1,0,0,1,7000,3,0,1,0,CONSUMOS_VOZ,0
SUB219,Más de 2 años,De 36 a 45 años,MasculiNO,CASADO (A),Centro,5,7,7,7,NO,NO,2G,NO,Network 2G,0,0,13,28.5,0.30952381,0.69047619,0.1625,-1,28.408125,22.28125,1,1.15,0,0,278.75,0,0,AMIGO,0,0,0,0,0,0,0,0,0,0,0,CONSUMOS_VOZ,1
SUB220,Más de 2 años,De 46 a 55 años,FemeniNO,UNIÓN LIBRE,Noroccidente,9,9,7,9,NO,NO,3G,NO,Network 2G,1,2,43,39,0.530079116,0.469920884,0.041722645,-1,95.0721323,27.62774123,1,2.953557312,0,3.399122807,312.5,10000,1,AMIGO,0,1,0,0,0,1,0,0,0,0,0,CONSUMOS_VOZ,0
SUB221,Más de 2 años,De 46 a 55 años,FemeniNO,UNIÓN LIBRE,Centro,5,5,3,3,NO,NO,2G,NO,Network 2G,1,16,104,63.5,0.601200467,0.398799533,0.01056338,-1,67.42897436,22.8401609,1,2.832915622,3.583148089,2.556367101,270.9151515,7500,1.5,AMIGO,0,0,0,0,0,1,11000,4,0,0,0,CONSUMOS_VOZ,1
SUB222,Más de 2 años,De 36 a 45 años,MasculiNO,CASADO (A),Costa,9,10,10,9,SI,NO,2G,NO,Network 2G,7,0,123,41,0.784016493,0.215983507,0.02176813,1,75.8375,63.85854481,-1,3.708947368,0.257731959,2.577319588,265.9265873,8500,3.5,FACIL,0,0,0,0,0,1,20000,7,0,0,0,CONSUMOS_VOZ,0
SUB223,Más de 2 años,De 46 a 55 años,MasculiNO,UNIÓN LIBRE,Centro,8,5,7,5,NO,NO,3G,NO,Network 3G,0,1,70,47,0.599751171,0.400248829,0.061402225,-1,62.87137598,38.07246377,-1,2.605144149,5.03163911,2.837313737,359.8831169,22500,2.5,AMIGO,0,1,0,0,1,1,25000,3,0,0,0,PAQ_990,1
SUB224,Más de 2 años,De 26 a 35 años,MasculiNO,UNIÓN LIBRE,Centro,6,5,1,3,NO,SI,LTE,SI,Network 3G,1,4,90,117,0.424273834,0.575726166,0.064029777,-1,145.4513561,74.68335901,1,2.34620098,3.782042303,1.260680768,330.0151515,25000,2.5,AMIGO,0,1,0,0,1,1,45000,5,1,1,0,PAQ_990,1
SUB225,Más de 2 años,De 18 a 25 años,FemeniNO,UNIÓN LIBRE,Suroccidente,1,1,1,2,NO,NO,2G,NO,Network 2G,0,0,436.5,156.5,0.735462858,0.264537142,0.076670565,-1,91.95141792,6.686850254,1,2.286744505,0.608272506,0.473188612,295.4603175,14500,3,AMIGO,0,0,0,0,0,1,7000,2,0,0,0,CONSUMOS_VOZ,1
SUB226,Más de 2 años,De 26 a 35 años,MasculiNO,UNIÓN LIBRE,Suroccidente,1,10,10,10,SI,NO,2G,NO,Network 2G,0,5,16,71,0.211206897,0.788793103,0.081896552,-1,54.36392176,77.21176471,-1,1.522727273,2.941176471,0,234.8666667,0,0,AMIGO,0,0,1,0,0,1,1000,1,0,1,0,CONSUMOS_VOZ,1
SUB227,Más de 2 años,De 36 a 45 años,MasculiNO,CASADO (A),Centro,7,9,8,9,NO,NO,2G,NO,Network 2G,3,1,59,56.5,0.421449777,0.578550223,0.013297872,-1,38.0263572,17.54245283,-1,1.805272109,1.41509434,0.471698113,258.7888889,7000,1.5,FACIL,0,0,0,0,0,1,5000,2,0,0,0,CONSUMOS_VOZ,0
SUB228,Más de 2 años,De 46 a 55 años,MasculiNO,CASADO (A),Suroccidente,3,2,3,1,NO,NO,3G,NO,Network 2G,1,2,148,32,0.802967303,0.197032697,0.153468153,1,67.53316646,9.662555972,-1,2.534712482,1.754385965,1.086398003,300.4148936,7000,2,FACIL,0,0,0,0,0,1,10000,2,0,0,0,CONSUMOS_VOZ,1
SUB229,Más de 2 años,De 26 a 35 años,FemeniNO,SOLTERO (A),Oriente,5,7,8,4,SI,NO,2G,NO,Network 2G,21,4,97.5,78.5,0.557684224,0.442315776,0.085135965,-1,109.2877032,47.57941176,1,4.371289619,4.812834225,7.352941176,268.6118421,10000,1,AMIGO,0,0,0,0,0,1,20000,2,0,1,0,CONSUMOS_VOZ,1
SUB230,Más de 2 años,De 56 a 65 años,MasculiNO,SOLTERO (A),Centro,3,7,5,8,NO,NO,2G,NO,Network 2G,8,14,241,193.5,0.550634807,0.449365193,0.06860103,-1,71.38953488,33.83407999,1,3.790786996,3.386948777,3.452618701,256.9202899,29500,6,AMIGO,0,0,0,0,0,1,25000,5,0,0,0,CONSUMOS_VOZ,1
SUB231,Más de 2 años,De 18 a 25 años,FemeniNO,SOLTERO (A),Centro,10,10,8,10,SI,SI,LTE,SI,Network 3G,1,5,219.5,201,0.531618882,0.468381118,0.021629079,-1,119.4093789,14.93866334,-1,1.988304678,3.865693306,1.445099044,371.6358621,32000,7.5,FACIL,0,1,0,0,1,1,14000,4,0,0,0,PAQ_990,1
SUB232,Más de 2 años,De 46 a 55 años,MasculiNO,UNIÓN LIBRE,Oriente,9,6,9,7,NO,NO,2G,NO,Network 2G,2,0,188.5,79.5,0.707878299,0.292121701,0.087310019,-1,54.51136364,19.50188428,-1,3.76273224,0,0.490196078,323.1666667,22000,8.5,AMIGO,0,0,0,0,0,1,32000,15,0,0,0,CONSUMOS_VOZ,0
SUB233,Más de 2 años,De 18 a 25 años,FemeniNO,SOLTERO (A),Suroccidente,9,8,8,8,NO,SI,LTE,SI,Network 3G,0,2,46,71.5,0.392090764,0.607909236,0.008518196,1,60.96376669,22.13451537,1,1.886363636,2.127659574,3.333333333,363.7048872,7500,1.5,AMIGO,0,0,0,0,1,1,0,0,0,0,0,PAQ_990,1
SUB234,Más de 2 años,De 26 a 35 años,FemeniNO,UNIÓN LIBRE,Noroccidente,10,10,6,8,SI,SI,LTE,SI,Network 3G,3,6,560.5,591.5,0.485267994,0.514732006,0.014819793,1,197.7867882,43.42978796,-1,6.641195461,2.400820793,0.520161553,322.875,45500,17,FACIL,1,0,1,0,1,1,19000,9,0,0,0,PAQ_DATOS,0
SUB235,Más de 2 años,De 18 a 25 años,FemeniNO,UNIÓN LIBRE,Costa,6,9,7,6,NO,SI,3G,NO,Network 3G,1,0,7.5,16.5,0.296875,0.703125,0.140625,1,135.1071429,0.227272727,1,3.727272727,0,12.5,392,500,0.5,FACIL,1,0,0,0,1,1,3000,3,0,0,0,PAQ_DATOS,0
SUB236,Más de 2 años,De 36 a 45 años,MasculiNO,UNIÓN LIBRE,Suroccidente,9,6,7,4,NO,NO,2G,NO,Network 2G,8,7,447,361.5,0.545023148,0.454976852,0.042542989,-1,40.28503559,102.2923905,-1,5.115634155,1.939230502,1.014604972,315,50500,3,AMIGO,0,0,0,0,0,1,70000,4,1,0,0,CONSUMOS_VOZ,0
SUB237,Más de 2 años,De 46 a 55 años,MasculiNO,CASADO (A),Costa,10,10,10,10,SI,NO,3G,NO,Network 3G,0,0,47.5,85,0.339798851,0.660201149,0.042097701,-1,60.62012752,33.33333333,1,2.923007246,0,1.282051282,278.195122,3000,1,FACIL,0,0,0,0,0,1,0,0,0,0,0,CONSUMOS_VOZ,0
SUB238,Más de 2 años,De 26 a 35 años,FemeniNO,SOLTERO (A),Centro,1,5,1,5,SI,NO,LTE,SI,Network 3G,1,0,60,89,0.395457219,0.604542781,0.040903127,-1,146.3792993,32.1375,1,1.671397849,2.5,0.625,348.5415385,2000,1,FACIL,0,1,0,0,0,1,2000,1,0,0,0,PAQ_990,1
SUB239,Más de 2 años,De 18 a 25 años,MasculiNO,SOLTERO (A),Oriente,9,9,8,10,SI,NO,LTE,SI,Network 3G,8,10,249.5,108.5,0.699594732,0.300405268,0.018618003,1,21.80258985,33.5003297,1,2.623131904,3.597735533,4.842548811,217.125,31000,3.5,AMIGO,0,0,0,0,0,1,30000,4,0,0,0,CONSUMOS_VOZ,0
SUB240,Más de 2 años,De 46 a 55 años,FemeniNO,UNIÓN LIBRE,Noroccidente,10,8,9,8,NO,NO,LTE,SI,Network 3G,1,88,170.5,223.5,0.434118193,0.565881807,0.034207118,-1,95.92491079,23.34265734,1,2.043824234,4.914529915,0.34965035,235.1084229,17000,9.5,FACIL,0,0,0,0,1,1,17000,10,0,0,0,CONSUMOS_VOZ,0
SUB241,Entre 1 y 2 años,De 36 a 45 años,FemeniNO,UNIÓN LIBRE,Costa,8,8,8,9,NO,SI,3G,NO,Network 3G,17,23,556,710,0.460356445,0.539643555,0.029932072,1,61.54756938,7.870889388,-1,2.491481007,5.464623119,2.687794089,283,35500,28,FACIL,1,1,0,1,1,1,32000,20,0,0,0,PAQ_DATOS,0
SUB242,Más de 2 años,De 18 a 25 años,FemeniNO,UNIÓN LIBRE,Noroccidente,10,9,8,10,NO,SI,3G,NO,Network 3G,0,4,80,79.5,0.478562994,0.521437006,0.059519484,-1,88.63271186,19.07849072,1,1.967961165,7.99031477,1.271186441,277,4000,2,FACIL,0,1,0,0,0,1,10000,4,0,0,0,PAQ_990,0
SUB243,Más de 2 años,De 36 a 45 años,FemeniNO,DIVORCIADO (A),Centro,4,4,2,5,SI,SI,3G,NO,Network 3G,39,22,741,294,0.715942029,0.284057971,0.012077295,-1,23.02497337,158.8527404,-1,1.573058422,0.938950889,4.377004719,257.3389348,25000,11.5,FACIL,0,0,0,0,1,1,28000,14,0,0,0,CONSUMOS_VOZ,1
SUB244,Más de 2 años,De 36 a 45 años,MasculiNO,SOLTERO (A),Noroccidente,1,1,10,10,NO,SI,3G,NO,Network 3G,5,3,235,105.5,0.702223386,0.297776614,0.046257856,-1,52.76967213,42.43457627,-1,2.753297646,1.365617433,3.399515738,298.5833333,48500,5,AMIGO,0,1,0,0,1,0,34000,5,0,0,0,PAQ_990,1
SUB245,Más de 2 años,De 46 a 55 años,MasculiNO,CASADO (A),Costa,10,10,10,10,NO,NO,3G,NO,Network 2G,0,3,351,241,0.587604584,0.412395416,0.021116857,1,118.3348615,66.43219119,1,3.12572171,0.531748786,2.240631506,328.4921747,72500,7.5,FACIL,0,0,0,0,0,1,33000,5,0,0,0,CONSUMOS_VOZ,0
SUB246,Más de 2 años,De 56 a 65 años,MasculiNO,CASADO (A),Centro,1,3,1,1,SI,NO,2G,NO,Network 2G,22,30,428,188,0.69425791,0.30574209,0.054287387,1,75.95568182,47.37813255,1,3.175884484,1.848169633,3.461894511,292.999424,15500,5,FACIL,0,0,0,1,0,1,26000,8,0,0,0,CONSUMOS_VOZ,1
SUB247,Más de 2 años,Más de 66,MasculiNO,SOLTERO (A),Centro,10,9,9,10,NO,NO,2G,NO,Network 2G,0,0,266.5,325.5,0.437255273,0.562744727,0.026390276,1,128.201437,27.75708143,-1,2.0288371,0.935415935,1.117058617,261.9131868,29500,15,AMIGO,0,0,0,0,1,1,8000,4,0,0,0,PAQ_MIN,0
SUB248,Más de 2 años,De 36 a 45 años,FemeniNO,CASADO (A),Costa,9,8,9,10,NO,NO,3G,NO,Network 3G,3,9,554.5,287.5,0.583702616,0.416297384,0.012274581,-1,75.25084678,37.09536876,1,1.88203167,1.359628935,13.55616141,350.125,11500,9.5,AMIGO,0,0,0,0,0,1,5000,5,0,0,0,CONSUMOS_VOZ,0
SUB249,Más de 2 años,De 26 a 35 años,FemeniNO,SOLTERO (A),Centro,5,7,6,5,NO,SI,3G,NO,Network 3G,0,0,63,126,0.336795549,0.663204451,0.020830361,1,134.3852651,17.04566152,-1,1.940566038,5.628636479,3.933721224,368.6666667,5000,0.5,FACIL,0,0,0,0,0,1,0,0,0,0,0,CONSUMOS_VOZ,1
SUB250,Más de 2 años,De 26 a 35 años,FemeniNO,CASADO (A),Costa,9,10,10,10,SI,SI,3G,NO,Network 3G,1,1,413.5,150.5,0.732211175,0.267788825,0.056632268,1,82.6894385,11.42607555,1,2.332460324,1.238738739,0.243160915,322.1709402,21500,10.5,FACIL,1,1,0,0,1,1,28000,14,0,0,0,PAQ_990,0
SUB251,Más de 2 años,De 46 a 55 años,FemeniNO,CASADO (A),Noroccidente,6,4,7,9,SI,NO,3G,NO,Network 3G,1,3,70,62,0.545568189,0.454431811,0.015715221,1,48.86428571,29.92813331,1,2.740536972,0.746268657,0,364.69,5000,0.5,AMIGO,0,0,0,1,0,1,12000,2,0,0,0,CONSUMOS_VOZ,1
SUB252,Más de 2 años,De 26 a 35 años,MasculiNO,UNIÓN LIBRE,Centro,5,8,10,10,SI,SI,3G,NO,Network 3G,2,6,88.5,147.5,0.370882955,0.629117045,0.091349901,-1,64.79823795,28.99739653,1,2.243859649,9.205607477,3.791722296,269.1136364,10000,1,AMIGO,0,1,0,0,1,1,10000,1,0,0,0,PAQ_990,0
SUB253,Más de 2 años,De 36 a 45 años,FemeniNO,SOLTERO (A),Noroccidente,10,10,10,10,NO,SI,3G,NO,Network 3G,0,0,87.5,85,0.513564143,0.486435857,0.021820579,-1,75.90079599,16.18325403,-1,2.636065324,2.564102564,5.002643405,353,28000,9.5,AMIGO,1,1,0,0,1,1,22000,10,0,0,0,PAQ_DATOS,0
SUB254,Más de 2 años,De 46 a 55 años,MasculiNO,UNIÓN LIBRE,Costa,10,10,9,5,NO,NO,3G,NO,Network 3G,6,1,196,119,0.620732007,0.379267993,0.131018177,1,83.40811966,11.72544643,-1,1.973636754,0.223214286,0.669642857,363.6406634,16500,8.5,AMIGO,0,1,0,0,1,1,25000,12,0,0,0,PAQ_990,1
SUB255,Entre 7 meses y 1 año,De 36 a 45 años,MasculiNO,UNIÓN LIBRE,Costa,7,7,7,7,NO,NO,3G,NO,Network 3G,2,4,4,172.5,0.028571429,0.971428571,0.017857143,1,45.6054204,63.875,1,1.333333333,0,0,260.6666667,0,0,FACIL,1,0,0,0,1,1,2000,1,0,0,0,PAQ_DATOS,1
SUB256,Más de 2 años,De 46 a 55 años,MasculiNO,SOLTERO (A),Suroccidente,10,10,10,10,NO,NO,2G,NO,Network 2G,1,5,76,82,0.486012156,0.513987844,0.026768104,1,15.01631702,15.04425087,-1,2.667361525,1.219512195,1.933797909,320.1137566,10000,3.5,AMIGO,0,0,0,0,0,1,10000,3,0,0,0,CONSUMOS_VOZ,0
SUB257,Más de 2 años,De 56 a 65 años,MasculiNO,CASADO (A),Centro,5,8,5,4,SI,NO,LTE,SI,Network 3G,0,2,50,19,0.72433949,0.27566051,0.070727145,1,44.98923077,47.30748663,-1,1.793255132,2.98573975,0.757575758,352.2,20796,4.5,FACIL,0,1,0,0,1,1,17700,4,0,0,0,PAQ_990,1
SUB258,Más de 2 años,De 26 a 35 años,FemeniNO,SOLTERO (A),Centro,10,10,10,10,SI,NO,3G,NO,Network 2G,0,0,30,91.5,0.245874126,0.754125874,0.02048951,1,113.1869774,2.638888889,1,1.902597403,2.083333333,3.472222222,324.9,0,0,FACIL,0,0,0,0,0,1,2000,1,0,1,0,CONSUMOS_VOZ,0
SUB259,Más de 2 años,De 26 a 35 años,MasculiNO,UNIÓN LIBRE,Centro,8,8,7,9,NO,NO,3G,NO,Network 3G,10,16,232.5,135.5,0.632012811,0.367987189,0.016553377,1,46.84033545,42.69583333,1,2.70861176,2.125,0.652777778,365.2241404,59000,17.5,FACIL,0,1,0,1,1,1,43000,9,0,0,0,PAQ_DATOS,0
SUB260,Más de 2 años,De 36 a 45 años,FemeniNO,UNIÓN LIBRE,Centro,8,4,9,3,NO,SI,3G,NO,Network 3G,1,3,380,125,0.754732604,0.245267396,0.087573465,1,30.32880141,11.74418406,-1,2.71639205,3.067624587,0.833903524,346.2444515,40000,34.5,FACIL,0,1,1,0,1,1,33000,29,0,0,0,PAQ_990,0
SUB261,Más de 2 años,De 36 a 45 años,MasculiNO,CASADO (A),Centro,7,6,8,3,NO,SI,LTE,SI,Network 2G,0,3,154,135.5,0.530707032,0.469292968,0.052889012,1,58.59044182,13.19254446,-1,2.005067123,9.24247606,0.290697674,292.3598901,12500,5.5,AMIGO,0,0,0,0,0,1,8000,4,0,0,0,CONSUMOS_VOZ,1
SUB262,Más de 2 años,De 56 a 65 años,FemeniNO,CASADO (A),Noroccidente,8,7,6,5,NO,NO,2G,NO,Network 2G,11,5,254,34,0.89569024,0.10430976,0.04110611,1,50.79230769,53.31016591,1,4.070476858,1.315789474,8.359224508,302.0381944,9500,2,AMIGO,0,0,0,0,1,1,19000,3,0,0,0,CONSUMO_GRANEL,1
SUB263,Más de 2 años,De 26 a 35 años,FemeniNO,UNIÓN LIBRE,Centro,9,9,9,9,SI,SI,3G,NO,Network 3G,0,0,50,137.5,0.256719104,0.743280896,0.050516631,1,113.9430927,18.21190476,1,2.632852292,3.80952381,3.095238095,341.0833333,16500,8,AMIGO,1,0,0,0,1,1,10000,5,0,0,0,PAQ_DATOS,0
SUB264,Más de 2 años,De 18 a 25 años,FemeniNO,SOLTERO (A),Centro,10,5,5,8,NO,SI,3G,NO,Network 3G,5,3,48,213,0.183022774,0.816977226,0.016011042,-1,92.02392004,1.217590472,-1,2.043592437,0.847457627,0,356.75,3500,2.5,AMIGO,0,0,0,0,1,1,1000,1,0,1,0,PAQ_990,1
SUB265,Más de 2 años,De 36 a 45 años,MasculiNO,CASADO (A),Centro,6,8,9,8,SI,SI,LTE,SI,Network 3G,0,0,5.5,12.5,0.314935065,0.685064935,0.175324675,-1,84.39583333,23.85,1,1.5,0,0,360.5,0,0,AMIGO,0,0,0,0,0,0,0,0,0,0,0,PAQ_DATOS,1
SUB266,Entre 2 meses y 6 meses,De 56 a 65 años,MasculiNO,UNIÓN LIBRE,Centro,9,9,9,9,SI,NO,2G,NO,Network 2G,0,2,28.5,46,0.320332481,0.679667519,0.056521739,1,76.6968661,17.80714286,-1,1.627413127,0,0,265.6666667,2000,1,AMIGO,0,0,0,0,0,0,0,0,0,0,0,CONSUMOS_VOZ,0
SUB267,Más de 2 años,De 26 a 35 años,FemeniNO,CASADO (A),Centro,5,6,10,10,NO,SI,LTE,SI,Network 3G,1,0,107.5,49,0.687423313,0.312576687,0.040940695,-1,75.08071279,50.0469697,1,1.81342537,1.428571429,2.294372294,355.6409091,20000,3.5,AMIGO,0,1,0,0,1,1,10000,1,0,0,0,PAQ_990,1
SUB268,Entre 1 y 2 años,De 36 a 45 años,FemeniNO,SOLTERO (A),Oriente,9,8,6,4,NO,NO,3G,NO,Network 3G,3,3,405.5,402,0.496298076,0.503701924,0.072438591,-1,83.39225159,34.96113988,1,2.48990397,2.301291976,1.448106273,345.314433,76000,54,AMIGO,1,1,0,0,1,1,40000,39,0,0,0,PAQ_DATOS,0
SUB269,Más de 2 años,De 46 a 55 años,FemeniNO,SOLTERO (A),Noroccidente,7,3,9,2,NO,NO,2G,NO,Network 2G,0,0,310.5,46.5,0.867244262,0.132755738,0.00618048,-1,26.19583333,115.0377346,1,4.45283871,3.800188139,0.606640441,325.9918975,22500,17,FACIL,0,0,0,0,0,1,11000,9,0,0,0,CONSUMOS_VOZ,1
SUB270,Más de 2 años,De 36 a 45 años,MasculiNO,UNIÓN LIBRE,Centro,10,10,9,9,NO,NO,2G,NO,Network 2G,0,3,13,71,0.152580828,0.847419172,0.024106636,1,141.8895105,25.45238095,1,1.25,0,0,333.75,1000,0.5,AMIGO,0,0,0,0,0,0,0,0,0,0,0,CONSUMOS_VOZ,0
SUB271,Más de 2 años,De 46 a 55 años,FemeniNO,CASADO (A),Centro,8,9,8,10,SI,NO,3G,NO,Network 3G,0,1,76.5,148.5,0.338322525,0.661677475,0.013484657,1,80.89375341,15.70976604,-1,1.385393258,2.968805388,0,374.8333333,4000,1,AMIGO,1,0,0,0,0,1,2000,1,0,1,0,CONSUMOS_VOZ,0
SUB272,Más de 2 años,De 56 a 65 años,MasculiNO,CASADO (A),Centro,10,10,10,10,NO,NO,LTE,SI,Network 3G,2,6,239.5,187,0.560471464,0.439528536,0.032850841,1,73.48767339,22.38730711,1,1.523279352,3.559000316,0.229357798,364.5074405,15000,3,AMIGO,0,0,0,0,1,1,12000,3,0,0,0,CONSUMO_GRANEL,0
SUB273,Entre 7 meses y 1 año,De 46 a 55 años,MasculiNO,CASADO (A),Centro,7,8,8,7,NO,NO,3G,NO,Network 3G,0,1,16,72.5,0.158531527,0.841468473,0.064297566,-1,26.29306267,4.87037037,1,1.5625,20,0,375,1000,0.5,FACIL,0,0,0,0,0,0,0,0,0,0,0,PAQ_990,1
SUB274,Más de 2 años,De 26 a 35 años,MasculiNO,SOLTERO (A),Noroccidente,7,10,9,8,SI,SI,3G,NO,Network 3G,6,11,189,83.5,0.693881119,0.306118881,0.006083916,-1,48.61485075,77.74771242,1,1.998590226,0,1.424836601,357.2727361,24500,4.5,AMIGO,0,0,0,0,1,1,85000,13,1,0,0,CONSUMO_GRANEL,0
SUB275,Más de 2 años,De 46 a 55 años,MasculiNO,DIVORCIADO (A),Costa,10,10,9,9,NO,NO,3G,NO,Network 2G,4,12,240,131.5,0.645220101,0.354779899,0.052343911,-1,107.4564161,33.17306365,1,2.665184453,2.057121622,0.483091787,298.7625,41500,16,AMIGO,0,1,0,0,0,1,38000,14,0,0,0,CONSUMOS_VOZ,0
SUB276,Más de 2 años,De 26 a 35 años,MasculiNO,UNIÓN LIBRE,Noroccidente,4,6,3,5,NO,NO,3G,NO,Network 3G,27,22,654.5,437.5,0.600855057,0.399144943,0.06164755,-1,65.88495807,88.29323526,1,3.868231586,3.112410013,6.515421703,197.4666667,56000,21.5,AMIGO,0,0,1,0,0,1,53000,21,0,1,1,PAQ_MIN,0
SUB277,Más de 2 años,De 36 a 45 años,MasculiNO,UNIÓN LIBRE,Noroccidente,8,9,6,9,NO,SI,3G,NO,Network 2G,6,8,268.5,369,0.420579446,0.579420554,0.021793961,1,51.04601865,52.59392789,1,2.619594806,0.77784909,1.498493135,292.9619048,47500,11,AMIGO,0,0,0,0,0,1,131000,19,1,0,0,CONSUMOS_VOZ,0
SUB278,Más de 2 años,De 18 a 25 años,FemeniNO,SOLTERO (A),Noroccidente,7,7,7,7,SI,SI,LTE,SI,Network 3G,2,2,70,97.5,0.416125696,0.583874304,0.035204737,1,162.2997138,58.18843796,-1,2.019406393,0.877192982,3.50877193,365.3,15500,3.5,AMIGO,1,1,0,1,1,1,18000,7,0,0,0,PAQ_990,1
SUB279,Más de 2 años,De 26 a 35 años,MasculiNO,SOLTERO (A),Centro,7,10,3,5,SI,SI,LTE,SI,Network 3G,2,13,491,310,0.584438609,0.415561391,0.058757696,-1,174.5671055,139.8566011,1,2.712868048,3.298271165,1.286242145,355.0652174,71500,14,AMIGO,1,1,1,0,1,1,64000,11,1,0,0,PAQ_DATOS,0
SUB280,Más de 2 años,De 36 a 45 años,MasculiNO,UNIÓN LIBRE,Centro,7,7,7,9,SI,SI,3G,NO,Network 3G,6,13,367.5,576,0.394807184,0.605192816,0.01157826,1,56.58715241,32.96426153,1,2.22702508,2.093594164,1.586837407,326.8447436,45000,10.5,FACIL,1,1,0,0,1,1,62000,16,0,0,0,PAQ_DATOS,0
SUB281,Más de 2 años,De 18 a 25 años,MasculiNO,SOLTERO (A),Centro,6,8,5,10,NO,SI,3G,NO,Network 2G,0,0,30.5,59.5,0.345117845,0.654882155,0.028619529,1,34.29518779,10.30194805,-1,1.707692308,0,0,328.5,9500,9.5,FACIL,1,0,0,0,0,1,2000,2,0,0,0,PAQ_DATOS,1
SUB282,Más de 2 años,De 46 a 55 años,MasculiNO,SOLTERO (A),Suroccidente,9,10,7,9,NO,NO,2G,NO,Network 3G,0,1,167.5,204.5,0.448421706,0.551578294,0.052950407,1,61.75733705,3.142779232,-1,4.519599239,2.44146306,0.609002327,373.1875,3500,2.5,AMIGO,0,0,0,0,0,1,2000,2,0,0,0,CONSUMOS_VOZ,0
SUB283,Más de 2 años,De 56 a 65 años,FemeniNO,CASADO (A),Noroccidente,6,8,10,10,NO,NO,2G,NO,Network 2G,1,12,236,289,0.425390686,0.574609314,0.039074532,-1,231.4308712,10.43448591,1,1.657972028,0,0.289855072,335.2419028,9250,4,AMIGO,0,0,0,0,0,1,5000,3,0,0,0,CONSUMOS_VOZ,1
SUB284,Más de 2 años,De 36 a 45 años,FemeniNO,DIVORCIADO (A),Suroccidente,4,8,7,2,NO,NO,3G,NO,Network 3G,0,22,93,205.5,0.312289468,0.687710532,0.028744667,1,217.3590195,18.44298195,1,1.957349264,27.60629004,0.99009901,324.84375,9500,2,AMIGO,0,1,0,0,1,1,4000,2,0,0,0,CONSUMOS_VOZ,1
SUB285,Más de 2 años,De 46 a 55 años,FemeniNO,SOLTERO (A),Centro,8,10,5,5,NO,SI,LTE,SI,Network 2G,0,5,10,112,0.084597236,0.915402764,0.015503876,1,61.04145161,17.93333333,-1,1.285714286,13.33333333,0,291,1000,0.5,AMIGO,0,0,0,0,0,1,10000,2,0,0,0,CONSUMOS_VOZ,1
SUB286,Más de 2 años,De 46 a 55 años,FemeniNO,CASADO (A),Centro,8,9,4,8,NO,NO,3G,NO,Network 2G,1,3,261.5,163.5,0.61539441,0.38460559,0.02703406,1,36.20594922,35.60162906,1,3.815626299,1.45939832,2.766026206,309.0984848,11500,8,FACIL,0,0,0,0,0,1,9000,6,0,0,0,CONSUMOS_VOZ,0
SUB287,Más de 2 años,De 36 a 45 años,FemeniNO,UNIÓN LIBRE,Suroccidente,5,7,6,9,NO,NO,2G,NO,Network 2G,0,6,54.5,72.5,0.401637223,0.598362777,0.282113505,1,64.34545108,8.504290876,-1,5.452380952,7.33965673,0.609756098,216.3333333,1000,0.5,FACIL,0,0,0,0,0,0,0,0,0,0,0,CONSUMOS_VOZ,0
SUB288,Más de 2 años,De 26 a 35 años,FemeniNO,SOLTERO (A),Suroccidente,9,9,9,10,NO,SI,3G,NO,Network 3G,0,3,64.5,105,0.361447704,0.638552296,0.043633078,-1,66.16270023,16.89400773,1,2.163043478,1.030927835,1.030927835,359.0288462,10000,5,AMIGO,0,1,0,0,1,1,4000,2,0,0,0,PAQ_990,0
SUB289,Más de 2 años,De 26 a 35 años,MasculiNO,SOLTERO (A),Noroccidente,7,6,7,5,NO,SI,LTE,SI,Network 3G,2,0,130,83.5,0.611693889,0.388306111,0.040774899,-1,112.1044393,98.9989648,-1,3.320041125,1.436727524,0.931677019,346.2600759,32500,3.5,AMIGO,0,1,0,0,1,0,20000,2,0,1,0,PAQ_990,1
SUB290,Más de 2 años,De 26 a 35 años,FemeniNO,UNIÓN LIBRE,Centro,8,7,6,5,SI,NO,2G,NO,Network 2G,27,32,530.5,215,0.709160631,0.290839369,0.02147466,-1,46.15736818,41.65406337,-1,2.241531925,3.395551736,2.176430319,294.5939394,53500,6,AMIGO,0,0,0,0,0,1,50000,5,0,0,0,CONSUMOS_VOZ,1
SUB291,Más de 2 años,De 26 a 35 años,FemeniNO,UNIÓN LIBRE,Centro,5,8,8,9,NO,NO,LTE,SI,Network 3G,0,0,30,88.5,0.26416122,0.73583878,0.020915033,1,120.518114,33.28,-1,2.572690217,2.857142857,2.857142857,353.6538462,2500,0.5,AMIGO,1,0,0,0,1,1,5000,1,0,0,0,CONSUMO_GRANEL,1
SUB292,Más de 2 años,De 56 a 65 años,MasculiNO,UNIÓN LIBRE,Centro,8,3,4,4,NO,NO,3G,NO,Network 2G,0,1,145.5,138,0.511157366,0.488842634,0.027190219,-1,62.09076826,35.6464855,1,1.62716699,1.79085846,2.311791819,344.3928571,17500,3.5,AMIGO,0,0,0,0,0,1,7000,2,0,0,0,CONSUMOS_VOZ,1
SUB293,Más de 2 años,De 36 a 45 años,FemeniNO,UNIÓN LIBRE,Centro,5,5,4,5,NO,SI,3G,NO,Network 3G,4,7,302.5,460,0.398836532,0.601163468,0.027629252,1,244.8367568,71.82591649,-1,2.474012474,5.262158479,1.495654894,365.7643008,66500,15,AMIGO,1,1,1,1,1,1,59000,11,0,0,0,PAQ_DATOS,1
SUB294,Más de 2 años,De 56 a 65 años,MasculiNO,CASADO (A),Noroccidente,10,10,10,10,NO,NO,2G,NO,Network 2G,0,1,27,59,0.317119565,0.682880435,0,1,134.7129061,60.74827586,1,4.438218391,2,5.172413793,324.0608974,5000,1,AMIGO,0,0,0,0,0,1,0,0,0,0,0,CONSUMOS_VOZ,0
SUB295,Más de 2 años,De 26 a 35 años,FemeniNO,UNIÓN LIBRE,Noroccidente,8,9,9,9,NO,NO,3G,NO,Network 3G,3,6,207,43,0.816267547,0.183732453,0.053768486,1,41.71812464,55.66361098,-1,2.622847011,1.922263278,2.290356246,349,17500,15,FACIL,0,1,1,0,1,1,18000,17,0,0,0,PAQ_990,0
SUB296,Más de 2 años,De 26 a 35 años,FemeniNO,CASADO (A),Suroccidente,8,7,8,9,NO,SI,3G,NO,Network 3G,0,3,29,130,0.19107292,0.80892708,0.018976011,1,58.50856292,0.500854701,-1,3.845238095,11.53846154,0,362,500,0.5,AMIGO,0,0,0,0,1,1,1000,1,0,1,0,CONSUMO_GRANEL,0
SUB297,Más de 2 años,De 36 a 45 años,FemeniNO,UNIÓN LIBRE,Centro,6,10,10,10,NO,NO,3G,NO,Network 2G,9,30,526.5,925,0.357251203,0.642748797,0.011478135,-1,44.37112575,6.743841344,1,2.667853926,4.995013234,3.433388316,314.0266667,13000,11,FACIL,0,0,0,0,0,1,5000,5,0,0,0,CONSUMO_GRANEL,1
SUB298,Más de 2 años,De 36 a 45 años,MasculiNO,CASADO (A),Suroccidente,10,10,10,10,SI,SI,LTE,SI,Network 3G,11,13,159,58,0.727698385,0.272301615,0.043338363,-1,98.49215686,95.78086588,-1,3.266983835,3.429542308,4.002181483,356.8333333,21000,4.5,AMIGO,0,1,0,0,1,1,7000,2,0,0,0,PAQ_990,0
SUB299,Más de 2 años,De 46 a 55 años,FemeniNO,UNIÓN LIBRE,Noroccidente,10,10,10,10,NO,NO,2G,NO,Network 2G,3,3,154.5,94.5,0.616350182,0.383649818,0.017721989,1,127.6398734,22.90244391,-1,3.824437031,10.82398504,2.65758547,233.2628083,13500,4,AMIGO,0,0,0,0,0,1,9000,3,0,0,0,CONSUMOS_VOZ,0
SUB300,Más de 2 años,De 18 a 25 años,FemeniNO,UNIÓN LIBRE,Centro,8,7,7,8,SI,SI,3G,NO,Network 3G,0,0,5.5,106,0.041353383,0.958646617,0.015037594,-1,72.09881603,15.63636364,1,1.428571429,0,0,342,2000,1,FACIL,1,0,0,0,1,1,4000,2,0,0,0,PAQ_DATOS,0
SUB301,Entre 2 meses y 6 meses,De 46 a 55 años,FemeniNO,SOLTERO (A),Centro,10,10,10,10,NO,NO,2G,NO,Network 2G,3,10,33,13.5,0.734161491,0.265838509,0.224534161,1,54.00909091,72.34722222,-1,1.827034884,4.166666667,2.083333333,329.28125,3000,1.5,FACIL,0,0,0,0,0,1,13000,6,0,0,0,CONSUMOS_VOZ,0
SUB302,Más de 2 años,De 26 a 35 años,MasculiNO,SOLTERO (A),Centro,8,7,8,5,NO,NO,2G,NO,Network 2G,0,0,1.5,7.5,0.15,0.85,0,1,11.40178571,96,1,1.666666667,0,0,245.3333333,1000,0.5,AMIGO,0,0,0,0,0,0,0,0,0,0,0,PAQ_DATOS,0
SUB303,Más de 2 años,De 36 a 45 años,FemeniNO,UNIÓN LIBRE,Centro,8,10,4,6,SI,SI,LTE,SI,Network 3G,2,3,209,205.5,0.504510099,0.495489901,0.013241674,-1,62.3700057,22.89930118,-1,3.625642044,1.724137931,2.85943407,349.4809524,25000,2.5,AMIGO,0,1,0,0,1,0,25000,3,1,0,0,PAQ_990,0
SUB304,Más de 2 años,De 26 a 35 años,MasculiNO,SOLTERO (A),Suroccidente,5,5,6,6,SI,SI,3G,NO,Network 3G,5,0,304.5,109,0.713557443,0.286442557,0.169472986,1,10.95367647,16.11359827,1,1.635714033,2.27547361,7.622592968,366.7846154,22500,10.5,FACIL,1,0,0,0,1,1,22000,7,0,0,0,PAQ_990,1
SUB305,Más de 2 años,De 26 a 35 años,FemeniNO,SOLTERO (A),Costa,8,8,9,8,NO,NO,LTE,SI,Network 3G,0,0,18.5,2,0.804761905,0.195238095,0.252380952,-1,302.5,41.26136364,1,2.760869565,6.060606061,0,314.15,2500,0.5,FACIL,0,0,0,0,0,0,0,0,0,0,0,CONSUMO_GRANEL,0
SUB306,Más de 2 años,De 36 a 45 años,FemeniNO,SOLTERO (A),Centro,9,9,8,6,NO,NO,3G,NO,Network 3G,0,0,33.5,184.5,0.158008198,0.841991802,0.136503621,-1,107.1617744,10.12962963,1,1.1,0,0,352.5,0,0,FACIL,0,0,0,0,0,0,0,0,0,0,0,PAQ_DATOS,0
SUB307,Más de 2 años,De 36 a 45 años,FemeniNO,CASADO (A),Suroccidente,9,9,9,9,SI,NO,3G,NO,Network 3G,1,7,224.5,118,0.640237362,0.359762638,0.089639569,1,90.44481388,27.42538954,-1,1.838430657,4.258675079,2.429261065,363.5789474,28000,7,AMIGO,0,1,0,0,0,1,23000,4,0,0,0,CONSUMOS_VOZ,0
SUB308,Más de 2 años,De 36 a 45 años,FemeniNO,CASADO (A),Suroccidente,1,7,10,3,SI,SI,3G,NO,Network 3G,0,1,40.5,88,0.303313588,0.696686412,0.092990251,-1,68.18816996,28.91776316,1,3.233388704,0,0,345.5,2500,1,AMIGO,0,1,0,0,1,1,3000,2,0,1,0,PAQ_990,1
SUB309,Más de 2 años,De 56 a 65 años,MasculiNO,UNIÓN LIBRE,Centro,10,9,9,7,NO,NO,2G,NO,Network 2G,5,16,1451,491,0.748083474,0.251916526,0.025468737,1,72.12720041,15.68315117,1,2.027745403,0.753662372,0.920482436,324.6426345,54500,36.5,FACIL,0,0,1,0,0,1,66000,43,0,0,0,CONSUMOS_VOZ,0
SUB310,Más de 2 años,De 18 a 25 años,MasculiNO,SOLTERO (A),Noroccidente,10,1,10,10,NO,SI,3G,NO,Network 3G,0,4,176.5,83.5,0.695138889,0.304861111,0.064930556,-1,31.28561905,23.51658853,-1,3.184840917,2.967904796,2.760548143,271.1614583,8000,2,AMIGO,0,0,0,0,0,1,10000,2,0,0,0,CONSUMOS_VOZ,1
SUB311,Más de 2 años,De 26 a 35 años,FemeniNO,UNIÓN LIBRE,Costa,9,10,8,10,NO,NO,3G,NO,Network 3G,0,3,77,83,0.344982079,0.655017921,0.082885305,1,38.6907083,16.57142857,1,2.263565891,0.340136054,1.020408163,337.84375,6000,2,AMIGO,0,1,0,0,1,1,19000,8,0,0,0,PAQ_990,0
SUB312,Más de 2 años,De 46 a 55 años,FemeniNO,UNIÓN LIBRE,Suroriente,4,5,4,2,NO,NO,3G,NO,Network 3G,11,21,680.5,391.5,0.634668751,0.365331249,0.030850142,-1,46.29516091,34.8896382,1,3.897252322,3.060159023,1.324004376,356.0953616,120000,26,FACIL,0,1,0,0,1,1,136000,41,0,0,0,PAQ_990,1
SUB313,Más de 2 años,De 56 a 65 años,MasculiNO,SOLTERO (A),Suroccidente,9,4,4,2,NO,NO,2G,NO,Network 2G,0,2,256.5,294.5,0.464598997,0.535401003,0.03339599,-1,48.21501557,70.94249693,1,3.94390896,0.786327406,0.571735132,280.3,20500,3.5,AMIGO,0,0,0,0,0,1,18000,4,0,0,0,CONSUMOS_VOZ,1
SUB314,Más de 2 años,De 36 a 45 años,MasculiNO,CASADO (A),Centro,6,7,8,5,NO,NO,3G,NO,Network 3G,6,2,97.5,58,0.644317794,0.355682206,0.016009221,1,113.3525009,56.07421053,-1,3.289657466,0,0.526315789,361.8644289,6500,3,FACIL,1,1,0,0,0,1,5000,1,0,1,0,CONSUMOS_VOZ,1
